date,AWND,PRCP,TMAX,TMIN,daily_consumption,is_low_consumption_outlier
2006-12-16,2.5,0.0,10.6,5.0,1209.176,False
2006-12-17,2.6,0.0,13.3,5.6,3390.46,False
2006-12-18,2.4,0.0,15.0,6.7,2203.826,False
2006-12-19,2.4,0.0,7.2,2.2,1666.194,False
2006-12-20,2.4,0.0,7.2,1.1,2225.748,False
2006-12-21,2.3,0.0,12.2,3.3,1716.624,False
2006-12-22,2.3,11.9,9.4,3.9,2341.338,False
2006-12-23,3.0,19.8,15.0,8.9,4773.386,False
2006-12-24,3.4,0.0,11.1,6.1,2550.012,False
2006-12-25,2.2,9.4,7.2,3.9,2743.12,False
2006-12-26,3.3,2.0,11.7,6.1,3934.11,False
2006-12-27,3.4,0.0,6.1,3.3,1528.76,False
2006-12-28,2.3,0.0,8.9,2.2,2072.638,False
2006-12-29,2.1,0.0,8.9,2.8,3174.392,False
2006-12-30,2.1,0.0,8.3,1.1,2789.302,False
2006-12-31,2.1,0.0,7.2,0.6,3494.196,False
2007-01-01,1.7,38.6,13.3,7.2,2749.004,False
2007-01-02,3.8,0.0,10.0,5.0,1269.236,False
2007-01-03,2.6,0.0,11.1,3.3,1014.054,False
2007-01-04,3.6,0.0,13.3,6.1,3259.412,False
2007-01-05,2.6,0.8,16.7,11.7,2713.364,False
2007-01-06,3.4,0.3,22.2,12.2,1508.378,False
2007-01-07,2.7,4.3,12.2,6.7,2447.62,False
2007-01-08,3.6,31.8,13.3,3.3,2241.36,False
2007-01-09,3.1,0.0,6.7,1.1,1869.054,False
2007-01-10,3.6,0.0,2.2,-1.7,2154.8,False
2007-01-11,2.6,0.0,3.3,-3.3,2255.194,False
2007-01-12,3.4,0.3,8.9,2.8,1461.296,False
2007-01-13,2.6,1.5,13.3,7.2,3186.814,False
2007-01-14,1.9,2.3,7.8,5.0,3007.816,False
2007-01-15,1.7,1.5,13.9,4.4,2148.678,False
2007-01-16,4.3,0.0,12.8,-5.6,1686.404,False
2007-01-17,2.9,0.0,-1.7,-7.2,2847.688,False
2007-01-18,1.4,2.3,2.8,-3.9,1821.462,False
2007-01-19,3.4,2.3,5.0,-0.6,1480.44,False
2007-01-20,5.1,0.3,0.0,-6.1,3133.732,False
2007-01-21,1.6,0.0,-1.7,-7.2,3407.262,False
2007-01-22,0.8,0.0,0.6,-2.8,2180.494,False
2007-01-23,2.8,0.0,2.2,-2.2,1777.64,False
2007-01-24,2.6,0.0,4.4,0.0,2987.854,False
2007-01-25,2.2,0.3,1.1,-9.4,1596.344,False
2007-01-26,1.0,0.0,-5.6,-12.8,1617.972,False
2007-01-27,1.7,0.3,5.0,-6.7,2044.072,False
2007-01-28,1.7,1.3,5.0,-1.1,3090.204,False
2007-01-29,3.9,0.3,-1.1,-6.1,1982.664,False
2007-01-30,2.2,2.5,1.7,-6.1,1707.798,False
2007-01-31,3.6,1.5,0.6,-3.9,2363.752,False
2007-02-01,2.4,0.0,1.1,-3.3,1824.76,False
2007-02-02,1.5,5.8,3.3,0.0,1667.736,False
2007-02-03,3.9,0.0,1.7,-5.0,4029.722,False
2007-02-04,4.5,0.0,-2.2,-8.3,3595.94,False
2007-02-05,5.0,0.0,-7.8,-13.3,1645.28,False
2007-02-06,4.0,0.0,-3.9,-11.7,1273.48,False
2007-02-07,3.4,0.0,-3.9,-11.1,2328.018,False
2007-02-08,3.8,0.0,-2.2,-10.0,1801.414,False
2007-02-09,4.8,0.0,0.0,-7.8,1620.198,False
2007-02-10,2.9,0.0,0.6,-5.0,2829.328,False
2007-02-11,2.6,0.0,0.6,-7.2,3571.228,False
2007-02-12,2.6,0.0,4.4,-2.2,1877.61,False
2007-02-13,3.6,0.8,0.0,-5.6,1414.546,False
2007-02-14,6.2,23.9,-1.7,-8.9,2498.672,False
2007-02-15,4.7,0.0,-4.4,-9.4,1985.346,False
2007-02-16,4.4,0.0,-1.7,-10.0,1702.528,False
2007-02-17,2.9,0.0,1.7,-7.2,2076.912,False
2007-02-18,3.4,0.0,1.1,-7.8,3829.762,False
2007-02-19,4.3,0.0,-1.1,-11.1,2186.614,False
2007-02-20,2.7,2.5,8.3,-1.7,3149.928,False
2007-02-21,1.3,0.3,9.4,3.9,2072.874,False
2007-02-22,2.4,5.3,7.2,2.2,3369.478,False
2007-02-23,5.2,0.0,3.9,-5.6,1313.48,False
2007-02-24,4.3,0.0,5.6,-6.7,714.922,False
2007-02-25,1.8,4.8,2.8,-4.4,501.74,False
2007-02-26,2.5,7.1,2.2,-1.1,568.484,False
2007-02-27,0.9,0.0,6.1,1.1,518.112,False
2007-02-28,2.2,0.0,7.8,1.7,520.774,False
2007-03-01,2.0,3.6,7.8,0.6,517.564,False
2007-03-02,3.2,61.2,14.4,1.7,515.688,False
2007-03-03,2.1,0.0,15.0,4.4,819.122,False
2007-03-04,3.9,0.0,4.4,0.6,2090.7,False
2007-03-05,4.5,0.0,5.0,-6.1,2660.332,False
2007-03-06,5.5,0.0,-6.1,-11.7,1246.5,False
2007-03-07,1.8,1.0,-5.0,-11.1,2375.206,False
2007-03-08,3.3,0.0,1.1,-7.8,1572.132,False
2007-03-09,2.0,0.0,1.7,-10.6,1272.612,False
2007-03-10,2.1,1.8,13.9,0.0,2484.712,False
2007-03-11,3.0,4.1,10.0,3.3,3480.636,False
2007-03-12,1.7,0.0,13.9,2.2,1950.668,False
2007-03-13,1.3,0.0,13.9,6.1,1290.144,False
2007-03-14,1.6,0.0,21.1,7.8,1793.364,False
2007-03-15,2.8,8.1,19.4,2.2,1884.814,False
2007-03-16,5.5,51.6,2.2,-3.3,1702.054,False
2007-03-17,3.9,0.8,3.3,-3.9,2028.09,False
2007-03-18,4.3,0.0,3.9,-2.8,2371.046,False
2007-03-19,2.9,0.0,6.1,-1.1,2152.518,False
2007-03-20,3.4,0.0,10.0,0.6,2086.228,False
2007-03-21,3.0,0.0,4.4,-3.3,2142.092,False
2007-03-22,2.9,0.5,19.4,4.4,1454.978,False
2007-03-23,1.6,2.3,16.1,10.6,1309.008,False
2007-03-24,2.6,0.8,12.2,5.6,2968.43,False
2007-03-25,2.6,0.0,12.2,3.3,3336.124,False
2007-03-26,2.6,0.0,12.2,3.9,1416.082,False
2007-03-27,2.4,0.3,25.6,10.0,1105.14,False
2007-03-28,2.6,0.0,18.3,7.2,2333.898,False
2007-03-29,2.7,0.0,13.9,3.3,1590.406,False
2007-03-30,1.7,0.0,20.0,3.9,1402.394,False
2007-03-31,2.2,0.0,15.6,6.1,3509.51,False
2007-04-01,2.4,1.5,10.0,5.6,2785.952,False
2007-04-02,1.9,1.5,13.3,5.6,1960.778,False
2007-04-03,2.1,0.0,17.2,5.6,1642.82,False
2007-04-04,3.2,21.6,5.6,4.4,2051.868,False
2007-04-05,4.1,0.0,6.7,1.1,1844.078,False
2007-04-06,2.4,0.0,5.6,-0.6,1601.14,False
2007-04-07,2.8,0.0,6.1,-0.6,1553.924,False
2007-04-08,3.7,0.0,5.0,-1.1,1608.816,False
2007-04-09,2.9,0.0,9.4,0.0,1000.92,False
2007-04-10,2.7,0.0,10.6,0.6,777.364,False
2007-04-11,2.1,0.0,10.0,2.2,887.482,False
2007-04-12,3.6,35.1,6.7,3.9,537.706,False
2007-04-13,4.5,0.0,9.4,5.6,551.022,False
2007-04-14,2.5,0.0,13.3,4.4,554.268,False
2007-04-15,3.2,192.3,12.8,4.4,726.164,False
2007-04-16,3.3,22.9,8.9,3.3,952.39,False
2007-04-17,4.2,1.0,10.6,5.6,1223.734,False
2007-04-18,3.3,0.0,10.6,5.6,998.246,False
2007-04-19,2.3,0.3,16.1,7.2,1028.658,False
2007-04-20,2.4,0.0,21.7,6.7,822.58,False
2007-04-21,1.0,0.0,26.1,7.2,1673.656,False
2007-04-22,1.4,0.0,25.6,12.8,2233.714,False
2007-04-23,2.8,0.0,30.0,14.4,1054.566,False
2007-04-24,2.7,0.0,24.4,14.4,1032.1,False
2007-04-25,3.1,3.6,19.4,8.3,1264.162,False
2007-04-26,2.1,0.0,16.1,7.8,1275.466,False
2007-04-27,1.4,51.8,13.3,8.3,1094.332,False
2007-04-28,1.8,0.0,21.7,12.2,22.738,True
2007-04-30,3.3,0.0,26.7,11.1,420.822,False
2007-05-01,1.6,8.1,21.7,10.6,1663.858,False
2007-05-02,1.7,2.5,20.0,10.0,1003.486,False
2007-05-03,1.3,0.0,22.2,10.6,1090.238,False
2007-05-04,1.7,0.0,21.7,10.0,998.128,False
2007-05-05,2.0,0.0,22.8,10.6,1563.052,False
2007-05-06,3.3,0.0,17.2,7.8,2102.104,False
2007-05-07,1.8,0.0,19.4,6.7,1643.664,False
2007-05-08,1.1,0.0,22.2,8.3,1789.292,False
2007-05-09,2.2,0.0,28.3,13.9,1665.736,False
2007-05-10,2.0,0.0,25.0,16.1,707.884,False
2007-05-11,0.8,4.8,25.0,15.6,979.154,False
2007-05-12,2.5,4.6,23.3,11.7,1441.566,False
2007-05-13,3.0,0.0,20.0,9.4,1634.738,False
2007-05-14,2.5,0.0,21.1,9.4,1467.782,False
2007-05-15,3.3,0.0,28.9,13.3,904.392,False
2007-05-16,2.6,21.1,29.4,15.0,1692.944,False
2007-05-17,2.0,0.0,20.6,12.2,1231.816,False
2007-05-18,3.2,0.0,12.2,8.9,1631.53,False
2007-05-19,1.7,5.3,13.9,10.0,1429.442,False
2007-05-20,2.9,0.5,23.9,10.6,1968.328,False
2007-05-21,1.8,0.0,21.7,11.7,1120.062,False
2007-05-22,1.8,0.0,24.4,11.7,1132.852,False
2007-05-23,1.6,0.0,23.3,12.8,1464.936,False
2007-05-24,2.8,0.0,28.9,14.4,1154.388,False
2007-05-25,2.0,0.0,32.2,17.8,1614.22,False
2007-05-26,1.8,0.0,29.4,21.7,1512.248,False
2007-05-27,1.5,0.8,30.0,18.9,2153.808,False
2007-05-28,1.8,0.0,28.3,19.4,1637.468,False
2007-05-29,1.3,0.0,26.7,16.1,1061.34,False
2007-05-30,0.8,0.0,28.9,16.1,1609.866,False
2007-05-31,2.0,0.0,32.8,17.8,938.55,False
2007-06-01,1.3,0.0,31.1,17.8,1044.918,False
2007-06-02,1.7,0.0,31.7,21.7,1484.362,False
2007-06-03,2.1,41.1,26.1,17.2,2108.026,False
2007-06-04,2.4,58.2,21.1,15.6,911.618,False
2007-06-05,2.7,0.0,27.2,18.9,1458.892,False
2007-06-06,2.2,0.0,21.7,13.3,1693.638,False
2007-06-07,0.9,0.0,23.9,12.2,985.002,False
2007-06-08,1.1,0.0,29.4,17.8,2148.046,False
2007-06-09,2.6,0.3,27.8,18.3,1059.814,False
2007-06-10,1.0,0.0,22.2,16.7,1340.812,False
2007-06-11,1.9,0.8,28.9,17.2,794.654,False
2007-06-12,1.0,30.0,28.3,18.3,918.766,False
2007-06-13,3.1,0.0,18.9,13.9,927.272,False
2007-06-14,2.4,0.0,17.8,13.3,1259.084,False
2007-06-15,1.6,0.0,23.3,15.0,989.604,False
2007-06-16,1.3,1.0,27.2,15.6,2017.762,False
2007-06-17,1.7,0.0,30.0,18.9,1947.09,False
2007-06-18,1.8,0.0,28.9,20.0,678.474,False
2007-06-19,1.6,8.4,26.7,18.9,842.36,False
2007-06-20,2.1,3.6,25.6,19.4,1074.286,False
2007-06-21,2.1,4.6,26.7,15.6,806.946,False
2007-06-22,2.9,0.0,23.3,16.1,566.294,False
2007-06-23,2.0,0.0,23.3,13.3,477.566,False
2007-06-24,1.4,0.0,27.2,13.9,714.656,False
2007-06-25,1.8,0.0,26.7,19.4,1072.202,False
2007-06-26,2.0,0.0,32.8,22.2,944.908,False
2007-06-27,1.7,17.5,32.2,21.1,1480.826,False
2007-06-28,2.3,0.8,30.6,21.1,1295.438,False
2007-06-29,1.2,0.0,25.0,19.4,1304.198,False
2007-06-30,1.3,0.3,27.2,17.2,1335.314,False
2007-07-01,2.3,0.0,23.3,16.1,1026.664,False
2007-07-02,1.3,0.0,23.3,13.9,967.032,False
2007-07-03,1.4,0.0,26.7,15.6,1059.912,False
2007-07-04,2.6,1.8,21.7,18.3,1003.41,False
2007-07-05,2.1,33.0,25.6,19.4,1057.29,False
2007-07-06,1.2,0.8,28.3,19.4,1069.524,False
2007-07-07,1.7,0.0,29.4,19.4,1358.206,False
2007-07-08,2.3,0.0,31.7,21.7,1089.08,False
2007-07-09,1.7,0.0,33.3,24.4,1180.158,False
2007-07-10,1.6,0.0,33.3,23.3,908.324,False
2007-07-11,1.5,25.7,29.4,21.1,722.352,False
2007-07-12,2.2,0.0,26.7,18.9,1069.582,False
2007-07-13,1.7,0.0,27.2,20.6,794.382,False
2007-07-14,1.3,0.0,28.9,18.9,1288.17,False
2007-07-15,2.1,0.3,31.1,22.2,917.024,False
2007-07-16,1.6,0.0,27.8,21.7,853.674,False
2007-07-17,0.9,0.0,31.1,20.6,719.632,False
2007-07-18,1.4,40.4,25.6,20.6,757.082,False
2007-07-19,1.5,4.8,28.3,21.1,677.886,False
2007-07-20,3.0,0.0,25.6,19.4,1110.422,False
2007-07-21,2.4,0.0,27.8,17.2,1060.248,False
2007-07-22,2.2,0.0,28.3,20.0,1375.774,False
2007-07-23,3.5,58.7,22.2,15.6,991.018,False
2007-07-24,1.6,0.0,27.2,14.4,825.284,False
2007-07-25,0.9,0.0,28.3,19.4,472.56,False
2007-07-26,1.2,0.0,29.4,21.7,924.5,False
2007-07-27,1.6,0.0,28.9,21.7,1202.514,False
2007-07-28,1.3,0.0,28.9,21.7,1621.862,False
2007-07-29,0.9,9.7,26.7,22.2,321.116,False
2007-07-30,0.9,0.0,30.0,21.1,466.816,False
2007-07-31,1.1,0.0,30.6,22.2,812.332,False
2007-08-01,1.2,0.0,32.2,21.7,1060.338,False
2007-08-02,1.3,0.0,33.3,23.9,1019.416,False
2007-08-03,2.0,29.2,32.2,18.9,1063.364,False
2007-08-04,1.3,0.3,31.7,20.6,1144.99,False
2007-08-05,2.5,0.0,29.4,21.1,787.098,False
2007-08-06,1.4,0.0,28.3,22.2,1089.72,False
2007-08-07,0.7,0.0,31.7,23.9,1483.58,False
2007-08-08,2.4,63.5,32.2,22.8,1125.482,False
2007-08-09,2.0,0.0,28.3,22.2,1071.68,False
2007-08-10,3.2,32.5,22.2,13.9,1028.01,False
2007-08-11,1.5,0.0,27.2,13.9,1091.65,False
2007-08-12,1.0,0.0,29.4,20.0,1241.904,False
2007-08-13,2.3,1.0,28.9,21.1,1153.012,False
2007-08-14,1.3,0.0,27.2,18.3,941.19,False
2007-08-15,2.3,0.0,28.9,19.4,1191.86,False
2007-08-16,1.2,0.3,28.3,23.3,958.496,False
2007-08-17,1.4,18.8,29.4,16.7,1009.892,False
2007-08-18,2.6,0.0,23.3,15.0,347.96,False
2007-08-19,0.5,3.0,21.7,15.6,1422.294,False
2007-08-20,3.1,1.5,20.6,14.4,1338.842,False
2007-08-21,3.4,32.3,15.0,13.3,642.556,False
2007-08-22,1.6,0.0,18.3,13.3,1209.808,False
2007-08-23,0.6,0.0,23.9,16.7,1112.312,False
2007-08-24,1.0,0.0,28.3,18.9,1656.214,False
2007-08-25,1.3,0.0,30.6,22.8,1150.88,False
2007-08-26,1.6,0.0,26.7,22.2,1314.906,False
2007-08-27,1.9,0.0,28.3,19.4,1211.73,False
2007-08-28,0.6,0.0,28.3,20.0,997.004,False
2007-08-29,0.9,0.0,29.4,19.4,747.992,False
2007-08-30,1.0,0.0,30.0,21.1,1202.458,False
2007-08-31,2.2,0.0,25.6,20.6,1279.822,False
2007-09-01,3.0,0.0,26.1,17.8,1701.486,False
2007-09-02,1.3,0.0,25.6,14.4,1662.468,False
2007-09-03,2.4,0.0,27.8,17.8,1038.922,False
2007-09-04,1.8,0.0,28.3,20.6,1584.944,False
2007-09-05,1.3,0.0,26.1,18.3,1236.572,False
2007-09-06,1.3,0.0,26.7,19.4,901.474,False
2007-09-07,2.2,0.0,30.0,21.1,1336.496,False
2007-09-08,2.3,0.0,31.1,21.7,1469.752,False
2007-09-09,2.0,0.0,29.4,21.7,1679.502,False
2007-09-10,1.4,3.3,26.1,22.8,1117.376,False
2007-09-11,2.1,30.7,23.3,20.6,983.572,False
2007-09-12,2.4,0.0,23.9,16.7,1287.764,False
2007-09-13,0.8,0.0,23.3,14.4,1146.382,False
2007-09-14,1.5,0.0,23.3,17.8,1135.47,False
2007-09-15,2.3,2.0,20.6,12.8,1095.312,False
2007-09-16,1.1,0.0,18.9,10.0,1652.224,False
2007-09-17,1.5,0.0,20.6,10.6,1461.186,False
2007-09-18,1.5,0.0,21.1,11.7,1167.52,False
2007-09-19,0.8,0.0,24.4,13.3,1298.684,False
2007-09-20,0.8,0.0,27.8,15.6,1255.532,False
2007-09-21,0.8,0.0,27.8,17.2,1238.78,False
2007-09-22,0.6,7.9,23.9,18.3,1176.172,False
2007-09-23,1.3,0.0,25.6,16.7,1417.97,False
2007-09-24,1.3,0.0,26.1,14.4,1354.53,False
2007-09-25,2.5,0.0,29.4,17.2,1764.342,False
2007-09-26,2.3,0.0,30.6,20.6,1822.264,False
2007-09-27,1.7,0.0,27.8,21.7,1392.6,False
2007-09-28,2.1,2.0,24.4,16.1,1680.498,False
2007-09-29,2.2,0.0,24.4,14.4,2296.522,False
2007-09-30,1.6,0.0,22.2,13.3,1516.29,False
2007-10-01,1.2,0.0,20.6,15.0,1720.922,False
2007-10-02,1.6,0.0,23.9,14.4,2198.864,False
2007-10-03,1.0,0.8,25.6,18.3,1280.454,False
2007-10-04,0.8,0.0,28.9,20.6,1518.458,False
2007-10-05,0.7,0.0,28.3,19.4,1394.092,False
2007-10-06,1.1,0.0,28.3,18.9,1756.24,False
2007-10-07,1.7,0.0,27.8,19.4,2106.114,False
2007-10-08,1.9,0.0,30.6,19.4,1095.242,False
2007-10-09,2.6,13.2,26.1,15.6,1687.858,False
2007-10-10,1.7,4.1,20.6,16.1,1166.972,False
2007-10-11,2.7,37.6,19.4,15.0,1732.446,False
2007-10-12,3.5,2.0,15.6,8.9,1914.504,False
2007-10-13,2.0,0.0,17.2,7.2,1926.728,False
2007-10-14,2.1,0.0,18.9,9.4,2061.252,False
2007-10-15,1.2,0.0,19.4,9.4,1266.33,False
2007-10-16,0.3,0.0,21.1,13.3,1964.442,False
2007-10-17,0.5,0.0,22.8,14.4,1576.93,False
2007-10-18,1.2,0.0,25.0,17.2,1518.53,False
2007-10-19,1.9,9.7,22.8,18.3,2085.648,False
2007-10-20,2.6,0.8,21.1,15.6,1660.246,False
2007-10-21,2.1,0.0,23.3,13.3,1941.94,False
2007-10-22,2.0,0.0,24.4,15.0,1652.896,False
2007-10-23,2.7,0.3,25.6,18.9,1954.648,False
2007-10-24,2.1,4.1,19.4,11.1,1865.636,False
2007-10-25,3.3,3.6,13.9,9.4,1853.918,False
2007-10-26,3.3,11.7,14.4,11.1,1437.568,False
2007-10-27,2.5,30.5,19.4,13.3,1785.688,False
2007-10-28,3.0,0.0,13.3,6.1,512.158,False
2007-10-29,1.3,0.0,11.7,3.3,545.428,False
2007-10-30,1.3,0.0,16.7,7.8,811.008,False
2007-10-31,2.0,0.0,17.8,9.4,1283.21,False
2007-11-01,0.0,0.0,18.9,10.0,496.216,False
2007-11-02,3.9,0.0,12.8,7.2,1443.602,False
2007-11-03,4.2,0.0,10.6,7.2,492.55,False
2007-11-04,1.8,0.0,13.3,7.2,1485.686,False
2007-11-05,1.9,0.0,13.9,6.7,1500.592,False
2007-11-06,2.9,13.2,13.3,6.1,2082.378,False
2007-11-07,2.3,0.0,9.4,3.9,1844.758,False
2007-11-08,0.6,0.0,7.8,1.7,1501.06,False
2007-11-09,1.5,10.4,6.7,3.9,2171.226,False
2007-11-10,2.4,3.3,7.8,2.8,2611.6,False
2007-11-11,1.6,0.0,7.8,-0.6,1887.124,False
2007-11-12,1.1,2.8,10.0,3.3,2156.146,False
2007-11-13,1.3,5.6,15.0,8.3,2214.398,False
2007-11-14,1.0,0.0,14.4,7.2,2047.994,False
2007-11-15,2.5,9.7,17.2,6.1,1491.988,False
2007-11-16,4.4,0.0,8.3,2.8,2309.754,False
2007-11-17,2.2,0.0,7.8,1.7,2610.094,False
2007-11-18,3.1,0.0,6.7,3.9,2183.858,False
2007-11-19,3.4,6.9,6.7,1.1,1723.654,False
2007-11-20,1.8,2.8,8.9,4.4,2095.856,False
2007-11-21,0.8,0.0,14.4,6.1,1751.836,False
2007-11-22,2.1,0.8,18.9,4.4,1932.378,False
2007-11-23,3.4,0.0,4.4,-1.1,2522.618,False
2007-11-24,1.7,0.0,3.9,-3.3,1899.054,False
2007-11-25,1.8,0.0,9.4,1.1,1395.598,False
2007-11-26,1.0,31.8,16.7,4.4,1569.716,False
2007-11-27,3.5,0.8,17.8,6.1,2801.012,False
2007-11-28,2.1,0.0,7.2,1.7,1644.94,False
2007-11-29,2.8,0.3,10.6,5.0,1719.23,False
2007-11-30,2.6,0.0,5.6,1.7,2331.728,False
2007-12-01,3.2,0.0,3.3,-3.9,3134.942,False
2007-12-02,1.4,8.4,2.2,-6.7,2946.188,False
2007-12-03,4.3,7.9,8.3,0.0,1762.06,False
2007-12-04,4.4,0.0,1.1,-2.2,2067.636,False
2007-12-05,1.9,0.5,0.6,-2.2,2153.12,False
2007-12-06,2.1,0.0,0.6,-6.1,2487.934,False
2007-12-07,1.6,0.0,1.7,-2.2,1769.016,False
2007-12-08,1.9,0.0,6.7,1.1,2213.404,False
2007-12-09,0.6,8.1,4.4,1.1,2274.584,False
2007-12-10,1.4,2.0,4.4,2.8,1758.754,False
2007-12-11,1.7,0.3,7.2,1.7,2305.104,False
2007-12-12,3.0,0.0,11.1,1.1,1588.062,False
2007-12-13,2.8,25.9,2.2,-1.7,1847.746,False
2007-12-14,1.4,0.0,5.6,-0.6,1974.808,False
2007-12-15,3.4,0.3,2.2,-1.7,2736.876,False
2007-12-16,5.7,21.3,3.3,-1.7,2762.218,False
2007-12-17,5.4,0.0,0.6,-3.3,1797.066,False
2007-12-18,2.3,0.0,2.8,-1.7,2623.194,False
2007-12-19,1.1,2.0,6.1,1.1,2196.052,False
2007-12-20,2.3,0.0,6.7,1.7,1949.758,False
2007-12-21,4.2,0.0,3.9,2.2,1982.576,False
2007-12-22,3.8,0.0,5.0,1.7,2611.264,False
2007-12-23,2.9,18.0,16.1,5.0,2409.048,False
2007-12-24,3.5,0.0,10.0,2.8,2257.848,False
2007-12-25,2.4,0.0,6.1,1.7,2694.968,False
2007-12-26,2.8,13.0,3.9,0.0,2580.28,False
2007-12-27,2.0,1.3,6.1,2.2,2532.198,False
2007-12-28,2.1,0.5,9.4,4.4,3113.052,False
2007-12-29,2.4,14.5,10.6,5.6,3298.956,False
2007-12-30,1.8,3.0,6.1,1.7,2558.916,False
2007-12-31,2.8,5.6,6.7,1.7,2216.542,False
2008-01-01,2.9,4.3,8.3,2.8,2759.738,False
2008-01-02,4.1,0.0,3.3,-8.3,1644.106,False
2008-01-03,2.9,0.0,-6.7,-11.1,1510.108,False
2008-01-04,2.5,0.0,2.2,-8.9,2291.852,False
2008-01-05,1.6,1.5,6.1,0.0,2183.248,False
2008-01-06,0.8,0.3,10.0,2.2,1825.184,False
2008-01-07,1.9,0.0,16.7,7.2,1695.814,False
2008-01-08,3.0,0.0,17.8,11.7,2043.55,False
2008-01-09,3.8,0.8,17.8,8.3,1788.44,False
2008-01-10,1.6,0.3,10.0,5.0,1894.076,False
2008-01-11,2.3,32.8,13.3,4.4,1705.818,False
2008-01-12,2.0,0.0,9.4,5.6,2871.408,False
2008-01-13,3.6,7.6,7.2,2.2,2881.656,False
2008-01-14,2.9,4.6,3.9,1.1,2024.932,False
2008-01-15,3.7,0.0,3.3,0.0,2686.912,False
2008-01-16,3.4,0.0,3.9,-1.7,2135.852,False
2008-01-17,2.6,6.4,3.9,-1.1,1572.282,False
2008-01-18,4.0,11.7,8.9,1.7,2186.988,False
2008-01-19,0.0,0.0,2.8,0.0,1980.306,False
2008-01-20,4.9,0.0,1.1,-8.3,1740.368,False
2008-01-21,3.6,0.0,-3.3,-9.4,1858.998,False
2008-01-22,3.1,0.0,3.9,-5.0,2325.018,False
2008-01-23,3.6,0.0,4.4,-1.1,1882.308,False
2008-01-24,2.3,0.0,1.1,-4.4,1645.022,False
2008-01-25,3.7,0.0,0.6,-6.1,2239.856,False
2008-01-26,1.7,0.0,1.1,-3.9,2834.988,False
2008-01-27,3.2,0.0,3.9,-1.1,2381.766,False
2008-01-28,3.0,0.0,5.6,-2.8,2308.196,False
2008-01-29,1.7,0.3,6.1,-1.1,2676.024,False
2008-01-30,4.6,2.0,9.4,0.0,1640.646,False
2008-01-31,3.1,0.0,3.3,-2.2,1953.922,False
2008-02-01,5.3,41.4,11.7,0.0,1534.652,False
2008-02-02,4.0,0.0,6.1,1.7,2936.034,False
2008-02-03,1.1,0.0,9.4,0.6,2084.568,False
2008-02-04,3.5,1.8,5.6,1.1,1628.138,False
2008-02-05,2.5,1.3,11.1,3.3,2472.456,False
2008-02-06,2.4,1.0,20.0,5.0,1669.54,False
2008-02-07,3.0,1.3,9.4,3.3,1518.31,False
2008-02-08,2.2,0.0,7.2,1.7,1950.564,False
2008-02-09,2.2,1.5,6.7,2.8,2102.276,False
2008-02-10,5.3,0.0,6.7,-9.4,2184.714,False
2008-02-11,5.7,0.0,-4.4,-12.2,1692.016,False
2008-02-12,2.2,14.0,-0.6,-8.3,1987.798,False
2008-02-13,2.7,49.3,12.2,-0.6,1900.498,False
2008-02-14,3.4,0.0,4.4,-2.2,1604.622,False
2008-02-15,3.6,0.0,8.3,-0.6,2005.208,False
2008-02-16,2.6,0.0,1.1,-5.0,2346.948,False
2008-02-17,3.5,5.8,11.7,-1.1,1933.368,False
2008-02-18,3.9,6.9,17.8,4.4,1514.404,False
2008-02-19,4.3,0.0,5.0,-2.2,2126.916,False
2008-02-20,3.3,0.0,0.0,-4.4,2253.79,False
2008-02-21,2.9,0.0,0.6,-6.7,1633.85,False
2008-02-22,2.7,17.8,1.1,-3.9,1732.564,False
2008-02-23,2.0,0.3,1.1,-2.2,1833.97,False
2008-02-24,2.2,0.0,3.9,-4.4,1263.008,False
2008-02-25,2.4,0.0,8.9,0.0,504.488,False
2008-02-26,1.9,5.3,8.3,3.3,507.12,False
2008-02-27,4.7,0.0,6.7,-5.6,566.72,False
2008-02-28,4.8,0.0,-2.2,-7.8,509.184,False
2008-02-29,3.2,3.6,1.7,-8.3,1333.348,False
2008-03-01,4.1,3.6,7.8,0.6,1141.876,False
2008-03-02,4.1,0.0,6.1,-2.2,1162.226,False
2008-03-03,2.7,0.0,12.8,2.2,1040.55,False
2008-03-04,3.0,4.8,17.2,7.2,1668.99,False
2008-03-05,4.7,7.6,13.9,2.8,2037.208,False
2008-03-06,2.5,0.0,9.4,1.1,2503.208,False
2008-03-07,3.5,30.7,7.2,2.2,1862.956,False
2008-03-08,3.6,19.1,13.9,2.2,2248.66,False
2008-03-09,5.4,0.0,5.6,-1.1,1560.458,False
2008-03-10,3.4,0.0,7.2,-2.8,1618.686,False
2008-03-11,2.4,0.0,9.4,1.7,2200.042,False
2008-03-12,4.1,0.0,8.3,1.7,1774.232,False
2008-03-13,2.4,0.0,7.2,-0.6,1675.514,False
2008-03-14,2.8,0.5,13.3,4.4,2210.22,False
2008-03-15,3.8,2.8,13.3,5.0,1576.3,False
2008-03-16,3.4,1.0,8.3,1.7,1801.96,False
2008-03-17,3.8,0.0,10.0,-1.1,1706.918,False
2008-03-18,3.4,0.0,6.7,1.7,1917.566,False
2008-03-19,2.7,24.1,11.7,5.0,1308.448,False
2008-03-20,5.5,5.6,14.4,2.2,1253.274,False
2008-03-21,5.6,0.0,7.2,0.6,2066.442,False
2008-03-22,3.2,0.0,10.0,1.1,2053.516,False
2008-03-23,2.6,0.0,8.9,-1.1,2325.99,False
2008-03-24,2.9,0.0,10.0,0.6,1974.668,False
2008-03-25,3.6,0.0,8.9,-0.6,2015.856,False
2008-03-26,3.1,0.0,16.1,6.1,1633.472,False
2008-03-27,1.1,0.0,9.4,6.7,1370.822,False
2008-03-28,3.5,0.3,8.9,3.3,1885.424,False
2008-03-29,4.1,0.0,8.3,0.6,2471.15,False
2008-03-30,2.8,0.0,9.4,-2.2,2146.392,False
2008-03-31,3.2,3.6,13.9,2.8,1377.57,False
2008-04-01,3.8,7.6,19.4,12.2,2129.052,False
2008-04-02,4.7,0.0,12.2,2.8,1691.672,False
2008-04-03,2.1,1.3,10.0,0.6,1128.756,False
2008-04-04,2.7,16.0,11.7,5.6,1631.918,False
2008-04-05,2.9,2.0,15.0,10.0,1970.762,False
2008-04-06,5.9,0.0,10.6,5.6,1696.318,False
2008-04-07,4.8,0.0,10.6,5.0,1538.838,False
2008-04-08,3.9,0.0,14.4,5.0,2657.516,False
2008-04-09,2.1,0.5,14.4,4.4,1218.852,False
2008-04-10,1.6,0.0,23.9,8.9,1477.746,False
2008-04-11,3.0,2.0,16.1,9.4,1877.664,False
2008-04-12,2.2,8.6,24.4,8.9,2800.014,False
2008-04-13,3.8,0.0,13.3,6.1,2232.986,False
2008-04-14,2.8,0.0,14.4,3.3,1589.582,False
2008-04-15,2.4,0.0,16.1,5.6,1670.406,False
2008-04-16,2.1,0.0,20.0,7.2,1489.064,False
2008-04-17,1.7,0.0,22.8,7.8,1395.862,False
2008-04-18,1.4,0.0,28.9,10.6,1862.39,False
2008-04-19,3.2,0.0,23.3,11.1,2253.71,False
2008-04-20,4.4,0.0,17.8,9.4,1791.418,False
2008-04-21,5.1,0.0,17.2,8.3,1164.156,False
2008-04-22,2.7,0.0,22.2,8.9,1627.676,False
2008-04-23,2.0,0.0,25.6,11.7,1357.328,False
2008-04-24,2.5,0.0,26.1,17.2,1043.772,False
2008-04-25,2.5,0.0,21.7,13.3,1267.734,False
2008-04-26,3.4,0.3,17.8,10.6,903.166,False
2008-04-27,1.9,1.0,13.3,8.3,1008.24,False
2008-04-28,3.1,30.0,14.4,8.3,659.052,False
2008-04-29,3.1,1.0,13.9,7.8,1972.616,False
2008-04-30,2.9,0.0,13.9,5.6,1101.726,False
2008-05-01,2.6,1.5,15.6,6.7,576.014,False
2008-05-02,4.3,3.8,12.2,9.4,1497.768,False
2008-05-03,5.5,0.0,14.4,8.3,1289.6,False
2008-05-04,2.3,0.8,21.7,8.9,1470.97,False
2008-05-05,2.2,0.0,22.8,10.0,1366.932,False
2008-05-06,1.2,0.0,26.1,10.6,1789.98,False
2008-05-07,2.3,0.0,24.4,13.3,1176.264,False
2008-05-08,2.8,0.8,22.8,17.2,2116.698,False
2008-05-09,5.0,32.3,17.8,8.9,1747.272,False
2008-05-10,1.9,0.0,18.9,8.9,1909.128,False
2008-05-11,3.3,0.0,16.7,9.4,1610.92,False
2008-05-12,6.5,8.4,12.2,7.2,1524.204,False
2008-05-13,3.5,0.0,22.2,10.0,1476.894,False
2008-05-14,2.4,0.0,24.4,10.0,1584.262,False
2008-05-15,1.5,0.0,23.9,11.7,1162.768,False
2008-05-16,3.9,24.1,16.7,9.4,1648.03,False
2008-05-17,2.9,1.0,22.2,8.3,1657.454,False
2008-05-18,2.1,3.8,18.9,11.1,1803.958,False
2008-05-19,3.4,0.0,15.0,9.4,1030.262,False
2008-05-20,2.2,11.4,13.3,8.9,1581.334,False
2008-05-21,1.8,0.0,20.0,8.3,1324.112,False
2008-05-22,2.9,2.0,15.6,8.3,976.868,False
2008-05-23,3.6,0.0,20.6,9.4,1484.916,False
2008-05-24,2.1,0.0,21.7,11.7,1580.176,False
2008-05-25,2.1,0.0,25.0,11.7,2048.504,False
2008-05-26,3.1,0.0,26.7,14.4,1289.71,False
2008-05-27,3.1,5.8,28.3,15.6,1708.7,False
2008-05-28,3.0,0.0,20.0,11.7,1114.372,False
2008-05-29,2.3,0.0,23.9,10.0,1135.076,False
2008-05-30,2.1,0.0,27.8,14.4,1397.244,False
2008-05-31,2.6,6.1,24.4,17.8,1641.47,False
2008-06-01,2.8,0.0,27.8,18.3,1848.876,False
2008-06-02,2.7,0.0,26.7,15.6,1074.012,False
2008-06-03,1.9,0.0,28.9,17.8,1597.816,False
2008-06-04,2.2,17.0,21.7,13.9,1588.912,False
2008-06-05,2.6,0.3,23.3,16.1,1120.078,False
2008-06-06,2.0,0.0,23.3,15.0,1217.714,False
2008-06-07,1.8,0.0,34.4,16.1,1882.484,False
2008-06-08,2.1,2.5,33.9,23.3,1542.322,False
2008-06-09,2.7,0.0,35.6,24.4,1325.698,False
2008-06-10,2.1,1.0,35.6,20.6,1067.09,False
2008-06-11,2.0,0.0,29.4,21.1,1123.206,False
2008-06-12,2.2,0.0,29.4,20.6,1259.332,False
2008-06-13,2.1,0.0,28.3,18.9,1874.28,False
2008-06-14,1.4,51.1,31.7,20.0,1384.92,False
2008-06-15,1.6,2.0,28.3,18.3,2289.102,False
2008-06-16,1.7,5.3,25.6,16.1,1303.044,False
2008-06-17,2.7,0.0,23.9,16.1,1145.084,False
2008-06-18,1.6,1.8,22.8,13.9,1893.608,False
2008-06-19,1.8,0.0,24.4,13.9,1588.082,False
2008-06-20,1.6,5.1,26.1,16.1,1676.104,False
2008-06-21,1.4,0.0,28.3,15.6,1734.254,False
2008-06-22,2.7,1.3,26.1,20.6,1566.416,False
2008-06-23,1.2,1.5,26.1,20.6,1251.796,False
2008-06-24,2.6,2.5,26.7,17.8,1754.452,False
2008-06-25,2.5,0.0,28.3,17.2,1261.77,False
2008-06-26,2.2,0.8,27.2,21.7,1056.02,False
2008-06-27,1.7,0.0,28.3,22.8,1755.152,False
2008-06-28,1.2,11.9,31.7,22.2,1208.8,False
2008-06-29,2.1,15.0,31.1,21.1,749.352,False
2008-06-30,2.0,0.3,28.3,21.1,804.196,False
2008-07-01,2.1,0.0,29.4,21.1,1215.24,False
2008-07-02,2.1,0.0,29.4,19.4,1147.202,False
2008-07-03,3.0,0.0,31.7,21.7,1098.36,False
2008-07-04,1.2,8.1,25.6,20.6,942.02,False
2008-07-05,1.1,6.4,23.3,20.0,1469.088,False
2008-07-06,2.0,0.0,26.1,20.0,1805.064,False
2008-07-07,1.6,0.0,27.8,21.1,983.39,False
2008-07-08,2.9,0.0,31.7,22.8,1126.214,False
2008-07-09,2.8,1.3,29.4,23.3,919.318,False
2008-07-10,2.6,0.0,29.4,21.7,1251.276,False
2008-07-11,1.9,0.0,30.6,18.9,1254.216,False
2008-07-12,2.4,0.0,29.4,21.7,1328.852,False
2008-07-13,3.2,0.0,28.9,21.7,1253.754,False
2008-07-14,1.4,11.9,27.2,19.4,1137.926,False
2008-07-15,1.6,0.0,31.7,21.1,1155.86,False
2008-07-16,1.4,0.0,33.3,21.1,1077.062,False
2008-07-17,1.5,0.0,33.9,22.2,1319.122,False
2008-07-18,2.1,0.0,34.4,23.3,1261.584,False
2008-07-19,2.8,0.0,35.6,25.6,1344.014,False
2008-07-20,3.1,0.3,34.4,23.9,941.534,False
2008-07-21,2.5,0.3,33.3,22.8,1156.478,False
2008-07-22,2.8,0.3,30.6,22.8,740.242,False
2008-07-23,2.2,25.4,26.7,20.6,942.63,False
2008-07-24,2.9,16.8,27.2,20.6,1093.45,False
2008-07-25,1.6,0.0,30.0,18.9,865.534,False
2008-07-26,2.6,0.0,30.6,21.7,815.684,False
2008-07-27,2.1,1.5,28.3,19.4,1147.396,False
2008-07-28,1.1,0.0,30.0,18.9,825.804,False
2008-07-29,1.9,0.0,31.7,22.2,1166.558,False
2008-07-30,1.7,0.0,30.6,22.2,1299.908,False
2008-07-31,1.8,0.0,31.7,23.9,1392.638,False
2008-08-01,1.5,0.0,32.2,23.3,739.576,False
2008-08-02,1.4,13.0,27.2,19.4,505.776,False
2008-08-03,2.7,0.0,28.9,17.8,504.782,False
2008-08-04,2.6,0.0,29.4,20.0,1125.92,False
2008-08-05,2.2,1.0,30.0,20.6,827.118,False
2008-08-06,2.4,8.4,30.6,21.1,326.112,False
2008-08-07,1.9,2.0,30.0,18.9,334.884,False
2008-08-08,2.2,4.3,26.7,17.8,302.2,False
2008-08-09,1.9,0.0,27.2,17.2,358.924,False
2008-08-10,2.1,1.0,27.2,18.3,352.032,False
2008-08-11,1.9,30.0,22.8,15.0,371.916,False
2008-08-12,2.5,0.0,27.8,15.6,288.984,False
2008-08-13,1.6,0.0,28.3,17.8,282.584,False
2008-08-14,1.4,12.7,30.0,17.8,270.258,False
2008-08-15,1.0,14.0,26.7,17.8,273.654,False
2008-08-16,1.4,0.0,27.2,17.2,274.814,False
2008-08-17,2.0,0.0,28.3,18.3,274.796,False
2008-08-18,2.8,0.0,30.6,21.1,273.758,False
2008-08-19,2.9,0.0,28.3,18.3,274.692,False
2008-08-20,1.9,0.0,25.6,14.4,268.472,False
2008-08-21,1.5,0.0,27.8,16.7,261.298,False
2008-08-22,1.4,0.0,28.3,18.9,267.124,False
2008-08-23,1.7,0.0,27.2,18.9,254.642,False
2008-08-24,2.2,0.0,27.8,20.0,254.716,False
2008-08-25,2.6,0.0,29.4,19.4,250.298,False
2008-08-26,2.7,0.0,26.7,16.1,257.564,False
2008-08-27,2.3,0.0,26.1,16.1,258.114,False
2008-08-28,1.8,0.0,28.9,17.2,268.246,False
2008-08-29,2.2,0.0,27.2,19.4,267.588,False
2008-08-30,1.1,55.4,28.3,19.4,270.424,False
2008-08-31,1.7,0.0,28.9,18.3,1500.614,False
2008-09-01,1.8,0.0,28.9,17.8,1247.51,False
2008-09-02,2.2,0.0,31.1,20.0,1384.154,False
2008-09-03,2.2,0.0,28.3,20.0,1388.486,False
2008-09-04,2.1,0.0,32.2,21.1,1225.22,False
2008-09-05,3.0,7.1,30.0,22.2,873.96,False
2008-09-06,3.4,82.8,27.2,21.1,1868.574,False
2008-09-07,3.0,0.0,26.7,19.4,1372.656,False
2008-09-08,1.7,0.0,27.2,17.8,1309.324,False
2008-09-09,2.2,11.4,23.9,18.3,1159.654,False
2008-09-10,2.4,0.0,22.8,15.0,1300.764,False
2008-09-11,2.0,0.0,22.2,16.1,1028.714,False
2008-09-12,2.2,9.9,21.1,17.2,1392.762,False
2008-09-13,0.7,0.0,27.2,18.3,1631.436,False
2008-09-14,2.2,0.0,31.1,21.1,1576.326,False
2008-09-15,3.5,0.0,28.3,18.3,1697.708,False
2008-09-16,1.8,0.0,21.1,16.1,1221.862,False
2008-09-17,1.0,0.0,23.3,13.9,1519.21,False
2008-09-18,3.3,0.0,22.8,15.0,1505.29,False
2008-09-19,3.9,0.0,18.9,11.1,1518.846,False
2008-09-20,1.6,0.0,20.6,10.6,1304.6,False
2008-09-21,1.0,0.0,26.7,13.3,1533.07,False
2008-09-22,3.2,0.0,23.3,15.6,1358.564,False
2008-09-23,2.5,0.0,21.1,12.2,1232.788,False
2008-09-24,2.6,0.0,20.6,12.8,1718.35,False
2008-09-25,5.2,3.8,18.3,12.8,1131.22,False
2008-09-26,5.1,59.4,18.9,13.3,1431.45,False
2008-09-27,3.0,0.3,20.6,17.2,2127.446,False
2008-09-28,0.8,4.3,21.7,18.9,1731.104,False
2008-09-29,2.1,0.0,23.3,16.1,1501.738,False
2008-09-30,0.9,0.0,20.6,15.0,1375.006,False
2008-10-01,1.4,7.6,21.7,13.9,1872.364,False
2008-10-02,3.3,0.0,16.7,11.1,1345.342,False
2008-10-03,2.6,0.0,16.7,10.6,1612.58,False
2008-10-04,1.5,0.0,16.1,8.3,2100.496,False
2008-10-05,1.9,8.1,16.7,11.1,1549.95,False
2008-10-06,2.3,0.0,17.8,8.3,1423.782,False
2008-10-07,1.4,0.0,17.2,6.7,1726.568,False
2008-10-08,1.9,0.3,17.8,8.3,1860.576,False
2008-10-09,2.8,1.0,23.9,14.4,1983.682,False
2008-10-10,1.4,0.0,22.2,14.4,1518.338,False
2008-10-11,1.3,0.0,20.6,11.1,1669.386,False
2008-10-12,1.4,0.0,21.1,11.7,1907.94,False
2008-10-13,1.6,0.0,23.3,14.4,1461.976,False
2008-10-14,1.8,0.0,20.0,14.4,1609.056,False
2008-10-15,1.0,0.0,21.1,13.9,2156.896,False
2008-10-16,2.4,0.0,23.9,12.8,1583.68,False
2008-10-17,3.0,0.0,15.6,10.0,1866.886,False
2008-10-18,4.0,0.0,14.4,6.1,2239.19,False
2008-10-19,3.6,0.0,12.8,5.6,1971.934,False
2008-10-20,2.1,0.0,15.6,5.0,1667.554,False
2008-10-21,3.8,0.3,16.1,7.2,2063.716,False
2008-10-22,4.3,0.0,11.7,5.0,1646.01,False
2008-10-23,2.3,0.0,11.7,4.4,1830.494,False
2008-10-24,1.4,0.0,13.9,3.9,2133.226,False
2008-10-25,3.8,23.9,18.3,11.7,1523.156,False
2008-10-26,2.4,0.0,16.7,8.9,523.492,False
2008-10-27,1.9,2.0,17.8,7.8,523.892,False
2008-10-28,5.0,48.8,8.3,3.9,1327.29,False
2008-10-29,4.2,0.0,7.8,3.3,1612.576,False
2008-10-30,3.1,0.0,8.9,2.2,1098.6,False
2008-10-31,2.6,0.0,16.1,4.4,1285.832,False
2008-11-01,2.0,0.0,18.9,10.0,830.498,False
2008-11-02,3.5,0.0,10.0,3.3,910.614,False
2008-11-03,0.7,0.3,14.4,7.2,847.6,False
2008-11-04,0.6,0.0,17.2,9.4,1562.316,False
2008-11-05,4.1,7.4,17.8,12.2,3134.93,False
2008-11-06,4.7,3.3,16.7,14.4,1588.438,False
2008-11-07,1.2,0.0,17.8,14.4,1619.184,False
2008-11-08,2.3,7.6,15.6,11.7,1733.138,False
2008-11-09,3.0,0.0,13.3,8.3,2578.538,False
2008-11-10,3.9,0.0,10.6,5.6,2091.88,False
2008-11-11,3.1,0.0,10.6,2.8,2455.95,False
2008-11-12,1.5,0.0,10.0,4.4,2186.494,False
2008-11-13,2.3,13.5,14.4,7.2,1238.46,False
2008-11-14,1.4,2.5,17.8,13.9,1621.738,False
2008-11-15,2.9,18.8,19.4,14.4,3031.628,False
2008-11-16,5.0,3.8,15.6,4.4,2365.432,False
2008-11-17,2.9,0.0,8.3,2.2,1523.636,False
2008-11-18,3.7,0.0,5.0,-1.7,1749.05,False
2008-11-19,3.4,0.0,2.8,-3.3,1840.238,False
2008-11-20,2.6,0.0,3.3,-1.1,1692.336,False
2008-11-21,3.1,0.0,3.3,-3.9,1673.93,False
2008-11-22,4.7,0.0,0.0,-5.0,1711.368,False
2008-11-23,2.7,0.0,2.2,-4.4,3405.324,False
2008-11-24,3.3,4.1,10.0,0.6,3212.998,False
2008-11-25,2.7,10.4,8.3,2.2,2702.85,False
2008-11-26,3.0,0.0,7.2,2.2,1515.954,False
2008-11-27,2.6,0.0,6.7,1.7,2362.218,False
2008-11-28,3.3,0.0,9.4,3.9,1885.964,False
2008-11-29,2.4,0.0,7.8,1.7,2434.668,False
2008-11-30,4.7,18.3,6.1,2.2,2401.388,False
2008-12-01,3.8,2.8,12.8,6.1,1616.538,False
2008-12-02,3.1,0.0,7.2,1.7,1793.444,False
2008-12-03,2.8,0.0,5.6,0.0,1755.164,False
2008-12-04,3.3,0.8,10.0,3.9,1738.638,False
2008-12-05,2.2,0.0,5.0,0.0,2058.618,False
2008-12-06,2.2,0.5,2.2,-2.2,2523.836,False
2008-12-07,4.8,0.0,2.2,-6.7,2466.74,False
2008-12-08,3.3,0.0,-1.1,-7.2,1868.636,False
2008-12-09,3.3,0.0,14.4,-1.1,2003.144,False
2008-12-10,3.7,6.9,18.3,6.1,2111.02,False
2008-12-11,5.3,59.7,6.1,2.8,1432.522,False
2008-12-12,4.0,23.6,6.7,0.0,1815.534,False
2008-12-13,3.3,0.0,0.0,-2.8,1825.574,False
2008-12-14,2.9,0.0,9.4,-1.7,2002.12,False
2008-12-15,3.0,0.3,19.4,8.9,1795.45,False
2008-12-16,3.4,7.1,14.4,-1.1,1797.09,False
2008-12-17,3.1,10.7,5.6,0.0,2098.786,False
2008-12-18,1.8,0.0,5.6,2.2,1736.94,False
2008-12-19,4.6,23.6,2.8,-1.7,1882.112,False
2008-12-20,3.9,1.0,-0.6,-5.6,2242.502,False
2008-12-21,4.3,14.7,2.8,-3.9,2643.61,False
2008-12-22,6.2,0.0,-2.8,-10.6,2015.808,False
2008-12-23,2.6,0.0,-0.6,-7.8,1798.088,False
2008-12-24,3.2,11.7,14.4,-0.6,1269.638,False
2008-12-25,4.4,3.3,13.9,0.6,1061.118,False
2008-12-26,2.3,0.5,5.0,0.0,1223.732,False
2008-12-27,2.3,0.0,8.9,5.0,2972.164,False
2008-12-28,4.2,0.0,18.3,8.3,1570.642,False
2008-12-29,3.2,0.0,8.3,2.8,555.278,False
2008-12-30,4.3,0.0,6.1,0.6,1195.238,False
2008-12-31,5.8,1.0,1.7,-7.8,1964.188,False
2009-01-01,5.0,0.0,-3.3,-9.4,1406.692,False
2009-01-02,2.8,0.0,1.1,-5.0,2327.51,False
2009-01-03,4.5,0.0,3.3,-1.7,1913.496,False
2009-01-04,3.4,0.0,5.6,-3.9,1939.994,False
2009-01-05,3.1,0.0,6.1,3.3,1604.0,False
2009-01-06,3.0,2.0,3.3,-0.6,1689.862,False
2009-01-07,4.7,30.2,3.3,-0.6,2080.272,False
2009-01-08,5.1,0.0,3.3,-1.7,1633.27,False
2009-01-09,4.3,0.0,0.0,-3.3,1788.702,False
2009-01-10,3.0,3.6,-1.1,-5.0,2102.948,False
2009-01-11,3.1,4.8,-0.6,-4.4,1975.988,False
2009-01-12,2.8,0.0,0.6,-6.1,1589.278,False
2009-01-13,2.4,0.0,5.0,-2.2,2182.6,False
2009-01-14,3.8,0.0,2.2,-8.9,1776.282,False
2009-01-15,3.4,1.3,-5.6,-9.4,1564.068,False
2009-01-16,4.1,0.0,-8.9,-12.8,2766.554,False
2009-01-17,2.5,0.0,-5.6,-14.4,3317.82,False
2009-01-18,2.4,4.6,1.7,-5.6,3154.194,False
2009-01-19,1.0,4.6,0.6,-3.3,1699.866,False
2009-01-20,2.7,0.0,-1.7,-7.2,1738.028,False
2009-01-21,3.7,0.0,-3.3,-8.3,1739.434,False
2009-01-22,3.0,0.0,2.8,-6.7,1237.356,False
2009-01-23,2.2,0.0,8.3,-0.6,1910.536,False
2009-01-24,5.1,0.0,7.8,-8.3,2200.77,False
2009-01-25,2.8,0.0,-2.8,-10.6,2843.664,False
2009-01-26,2.2,0.0,-1.7,-7.2,1674.472,False
2009-01-27,1.9,0.0,-1.7,-3.9,1425.03,False
2009-01-28,4.3,24.6,5.0,-4.4,2721.734,False
2009-01-29,3.8,0.0,2.2,-3.3,1573.698,False
2009-01-30,3.0,0.0,1.7,-3.3,2059.038,False
2009-01-31,3.8,0.0,-2.8,-6.7,3312.852,False
2009-02-01,3.4,0.0,11.1,-3.3,1807.46,False
2009-02-02,2.3,0.0,11.7,1.1,1603.3,False
2009-02-03,3.6,8.9,1.1,-3.9,1868.39,False
2009-02-04,3.4,0.0,-1.1,-8.3,2460.924,False
2009-02-05,4.3,0.0,-5.0,-11.1,1649.088,False
2009-02-06,2.4,0.0,0.0,-9.4,2048.396,False
2009-02-07,1.7,0.0,10.0,-2.2,3131.536,False
2009-02-08,4.3,0.0,14.4,3.3,2182.866,False
2009-02-09,2.6,0.0,7.2,0.6,1706.638,False
2009-02-10,1.7,0.0,10.0,1.7,1943.822,False
2009-02-11,2.0,0.8,18.3,7.2,2639.39,False
2009-02-12,6.0,3.0,13.9,6.7,1968.66,False
2009-02-13,5.4,0.0,6.7,-0.6,1690.022,False
2009-02-14,2.8,0.0,5.0,-2.2,2332.594,False
2009-02-15,3.2,0.0,5.6,-2.2,1586.032,False
2009-02-16,2.4,0.0,4.4,-2.2,1318.994,False
2009-02-17,2.2,0.0,4.4,-4.4,781.698,False
2009-02-18,2.5,8.1,6.7,0.0,826.45,False
2009-02-19,4.1,0.0,10.0,-2.8,737.268,False
2009-02-20,6.1,0.0,0.6,-5.0,1880.736,False
2009-02-21,3.4,0.0,5.6,-3.3,1316.184,False
2009-02-22,4.0,1.8,6.7,-0.6,2238.478,False
2009-02-23,6.0,0.0,1.1,-4.4,2733.656,False
2009-02-24,4.3,0.0,2.8,-5.6,1783.144,False
2009-02-25,1.9,0.0,5.6,-4.4,1169.844,False
2009-02-26,2.1,0.0,10.0,1.7,1156.852,False
2009-02-27,3.6,1.0,16.1,6.1,2028.918,False
2009-02-28,4.2,0.0,12.2,-0.6,1630.75,False
2009-03-01,4.4,3.8,2.2,-2.2,2467.626,False
2009-03-02,4.9,12.4,-2.2,-8.9,1477.442,False
2009-03-03,5.2,0.0,-3.3,-11.1,1848.952,False
2009-03-04,2.6,0.0,1.1,-7.8,1842.13,False
2009-03-05,1.8,0.0,6.1,-2.2,1441.812,False
2009-03-06,3.6,0.3,12.8,3.3,1783.474,False
2009-03-07,2.0,0.0,21.1,10.6,1696.466,False
2009-03-08,3.2,0.0,17.8,9.4,2357.166,False
2009-03-09,3.5,2.5,9.4,3.3,1685.556,False
2009-03-10,2.3,0.3,8.3,2.8,1836.21,False
2009-03-11,3.3,0.0,14.4,5.0,2405.904,False
2009-03-12,4.1,0.0,6.7,0.0,1887.26,False
2009-03-13,2.8,0.0,4.4,-2.8,1445.52,False
2009-03-14,2.2,0.0,10.6,0.0,2149.028,False
2009-03-15,1.0,0.0,10.6,5.6,1942.062,False
2009-03-16,2.8,0.0,8.3,4.4,1334.732,False
2009-03-17,2.6,0.0,12.8,2.2,1931.91,False
2009-03-18,3.6,0.0,17.8,5.0,1450.68,False
2009-03-19,2.0,3.3,11.7,5.6,1191.532,False
2009-03-20,3.4,1.0,7.8,0.6,1463.906,False
2009-03-21,3.0,0.0,9.4,-0.6,1930.022,False
2009-03-22,3.8,0.0,12.2,1.7,1689.17,False
2009-03-23,3.9,0.0,6.7,-1.7,1296.45,False
2009-03-24,3.6,0.0,10.0,-2.8,1661.712,False
2009-03-25,2.5,0.0,11.1,1.7,1838.774,False
2009-03-26,2.1,10.2,7.2,5.6,1211.004,False
2009-03-27,2.1,0.0,17.2,6.7,1713.926,False
2009-03-28,3.5,1.3,14.4,6.7,2260.976,False
2009-03-29,3.4,9.4,11.1,5.6,2216.65,False
2009-03-30,5.4,0.0,11.7,5.0,1477.452,False
2009-03-31,3.2,0.0,15.6,3.3,1823.482,False
2009-04-01,3.0,9.1,9.4,6.1,1641.14,False
2009-04-02,2.5,0.3,17.8,6.7,1644.334,False
2009-04-03,3.7,23.1,16.1,8.9,1363.26,False
2009-04-04,6.6,0.0,12.2,8.3,2191.232,False
2009-04-05,3.4,0.0,18.3,7.2,1375.716,False
2009-04-06,2.8,14.2,12.8,7.2,1452.634,False
2009-04-07,4.3,0.0,9.4,3.9,1440.092,False
2009-04-08,2.8,0.0,8.9,1.7,1534.6,False
2009-04-09,2.2,0.0,17.2,5.0,1890.472,False
2009-04-10,2.2,0.0,15.0,7.2,1842.114,False
2009-04-11,3.8,14.2,10.0,5.0,2462.446,False
2009-04-12,4.4,0.0,9.4,2.2,2141.012,False
2009-04-13,2.9,0.0,13.9,1.1,1598.624,False
2009-04-14,4.0,4.3,11.1,5.6,1501.538,False
2009-04-15,4.2,5.1,13.9,5.6,1216.062,False
2009-04-16,3.0,0.0,17.8,6.7,1564.524,False
2009-04-17,1.6,0.0,21.7,5.6,2042.81,False
2009-04-18,2.1,0.0,26.1,12.2,1512.266,False
2009-04-19,3.6,0.0,17.2,8.3,1286.468,False
2009-04-20,5.3,45.5,10.0,5.6,1486.51,False
2009-04-21,3.0,2.3,15.0,8.9,1894.598,False
2009-04-22,2.4,1.0,13.3,8.3,1496.198,False
2009-04-23,3.8,0.0,13.9,6.1,1141.46,False
2009-04-24,1.8,0.0,22.2,8.3,1194.048,False
2009-04-25,2.0,0.0,31.1,11.1,2022.284,False
2009-04-26,1.8,0.0,33.3,19.4,1781.626,False
2009-04-27,2.7,0.0,28.9,14.4,1351.628,False
2009-04-28,4.0,0.0,32.2,20.6,1706.386,False
2009-04-29,3.3,0.0,20.6,9.4,1664.68,False
2009-04-30,1.9,0.0,16.1,8.9,1834.762,False
2009-05-01,3.1,10.7,21.7,11.7,1512.802,False
2009-05-02,2.2,2.8,20.0,12.2,1393.91,False
2009-05-03,1.4,10.4,15.6,11.1,1608.878,False
2009-05-04,2.0,8.9,13.9,10.6,1667.882,False
2009-05-05,4.1,7.9,12.2,10.6,1731.474,False
2009-05-06,2.2,29.2,18.3,9.4,1349.902,False
2009-05-07,1.5,26.9,21.1,10.6,1012.648,False
2009-05-08,1.3,0.0,23.3,13.3,1857.156,False
2009-05-09,2.1,15.7,24.4,14.4,1261.352,False
2009-05-10,4.5,0.0,21.1,12.2,1966.552,False
2009-05-11,2.1,0.0,18.9,10.0,1517.176,False
2009-05-12,1.5,0.0,20.6,10.0,1625.956,False
2009-05-13,2.4,0.0,19.4,9.4,1246.398,False
2009-05-14,3.4,1.3,19.4,13.3,1606.984,False
2009-05-15,1.3,0.0,24.4,15.6,1422.226,False
2009-05-16,2.2,4.1,21.7,14.4,2007.378,False
2009-05-17,2.9,1.0,18.9,11.1,1543.764,False
2009-05-18,2.3,0.0,14.4,9.4,1209.906,False
2009-05-19,1.9,0.0,20.6,6.1,1617.344,False
2009-05-20,2.2,0.0,27.8,11.1,1307.162,False
2009-05-21,3.0,0.0,30.0,15.6,1575.15,False
2009-05-22,2.8,0.0,28.9,16.7,1074.806,False
2009-05-23,2.44,0.0,22.8,15.6,1530.598,False
2009-05-24,2.08,0.0,28.3,15.6,1287.786,False
2009-05-25,1.7199999999999998,0.0,27.2,17.2,1354.096,False
2009-05-26,1.3599999999999999,0.0,18.9,11.7,1337.674,False
2009-05-27,1.0,0.0,18.3,11.7,1544.292,False
2009-05-28,0.1,1.5,16.1,13.3,1179.736,False
2009-05-29,0.7,10.9,23.3,12.8,1242.846,False
2009-05-30,1.2333333333333334,0.0,25.0,15.6,1659.106,False
2009-05-31,1.7666666666666666,0.0,27.2,13.9,956.89,False
2009-06-01,2.3,0.0,21.7,10.0,1443.26,False
2009-06-02,1.8,1.5,26.7,16.1,1090.638,False
2009-06-03,1.6,12.7,22.2,12.2,1356.578,False
2009-06-04,1.1,13.7,20.0,12.8,1035.66,False
2009-06-05,3.2,23.9,15.6,12.8,1230.36,False
2009-06-06,1.6,0.0,24.4,13.9,1475.45,False
2009-06-07,1.9,0.0,27.8,17.2,1207.392,False
2009-06-08,2.6,0.5,23.9,16.7,1178.776,False
2009-06-09,2.3,46.5,21.7,15.6,1332.85,False
2009-06-10,2.7,0.0,19.4,15.0,1602.996,False
2009-06-11,2.9,4.1,17.8,15.0,1300.65,False
2009-06-12,1.3,15.5,26.7,16.7,1101.732,False
2009-06-13,1.9,3.3,22.8,16.1,14.218,True
2009-06-15,1.4,12.7,22.2,13.9,771.908,False
2009-06-16,2.6,0.0,21.1,13.3,1508.792,False
2009-06-17,2.2,0.0,20.0,12.8,988.016,False
2009-06-18,2.8,58.4,17.8,15.6,1165.7,False
2009-06-19,1.4,0.0,25.0,17.2,1086.866,False
2009-06-20,1.6,7.1,21.7,17.2,1107.1,False
2009-06-21,2.8,11.4,25.6,17.2,855.142,False
2009-06-22,3.3,0.0,23.9,18.3,1094.098,False
2009-06-23,2.3,0.0,26.7,18.9,1039.214,False
2009-06-24,1.2,7.6,24.4,18.3,1534.874,False
2009-06-25,1.3,0.0,26.7,17.8,771.362,False
2009-06-26,1.575,18.5,28.3,17.8,1277.322,False
2009-06-27,1.85,0.5,27.2,17.2,1709.052,False
2009-06-28,2.125,0.0,27.8,17.8,1059.394,False
2009-06-29,2.4,0.0,27.2,18.3,1010.134,False
2009-06-30,1.6,16.8,28.9,18.3,1192.446,False
2009-07-01,2.3,0.0,27.2,18.9,1218.342,False
2009-07-02,1.9,15.2,24.4,18.9,1242.578,False
2009-07-03,2.2,0.0,25.6,18.3,864.148,False
2009-07-04,3.2,0.0,26.1,18.9,1238.568,False
2009-07-05,2.0,0.0,26.1,16.1,1410.736,False
2009-07-06,1.7,0.0,28.3,17.2,954.26,False
2009-07-07,2.3,3.3,26.1,16.1,1110.136,False
2009-07-08,2.2,0.0,25.0,14.4,1234.4,False
2009-07-09,3.5,0.0,22.8,16.1,846.252,False
2009-07-10,2.0,0.0,25.6,15.6,1187.118,False
2009-07-11,2.5,8.4,25.6,17.2,993.968,False
2009-07-12,2.2,0.5,27.2,17.8,513.478,False
2009-07-13,1.4,0.0,26.1,16.1,496.746,False
2009-07-14,2.2,0.0,26.1,16.1,911.43,False
2009-07-15,1.6,0.0,27.8,17.2,718.074,False
2009-07-16,2.2,0.0,28.9,21.1,599.554,False
2009-07-17,1.9,5.3,30.0,20.0,731.808,False
2009-07-18,2.9,0.5,28.3,20.0,966.41,False
2009-07-19,2.1,0.0,27.2,17.8,1203.644,False
2009-07-20,2.0,0.0,27.2,19.4,662.486,False
2009-07-21,2.8,29.0,21.7,17.8,813.7620000000001,False
2009-07-22,1.3,0.0,27.8,17.8,739.532,False
2009-07-23,3.4,9.9,25.0,17.8,1030.0,False
2009-07-24,2.1,0.5,25.6,17.2,561.738,False
2009-07-25,2.2,0.0,28.3,18.9,536.688,False
2009-07-26,2.1,36.1,28.9,19.4,543.016,False
2009-07-27,1.7,15.2,28.3,20.0,688.566,False
2009-07-28,1.3,0.0,29.4,21.7,902.85,False
2009-07-29,2.2,38.6,28.3,21.1,902.0,False
2009-07-30,2.4,0.0,29.4,22.2,792.326,False
2009-07-31,2.1,18.0,29.4,19.4,975.83,False
2009-08-01,1.9,0.0,28.3,18.3,706.966,False
2009-08-02,2.4,26.7,23.3,19.4,489.724,False
2009-08-03,1.0,0.0,28.9,21.1,500.298,False
2009-08-04,1.9,0.0,28.3,20.0,508.892,False
2009-08-05,1.8,0.0,29.4,22.8,518.652,False
2009-08-06,1.3,0.0,25.0,18.9,532.672,False
2009-08-07,2.2,0.0,26.1,17.8,539.296,False
2009-08-08,2.1,0.0,25.6,17.2,526.472,False
2009-08-09,1.5,0.3,26.1,21.1,998.234,False
2009-08-10,2.7,13.2,32.8,20.0,1069.358,False
2009-08-11,2.1,0.0,30.6,24.4,950.954,False
2009-08-12,2.9,0.0,26.1,21.7,824.436,False
2009-08-13,2.6,0.5,22.2,20.0,606.842,False
2009-08-14,1.2,0.0,30.0,19.4,748.676,False
2009-08-15,1.4,0.0,31.1,21.1,1514.062,False
2009-08-16,1.5,0.0,32.8,22.8,1217.712,False
2009-08-17,1.7,0.0,33.3,23.9,785.908,False
2009-08-18,2.2,16.3,32.2,20.0,1080.598,False
2009-08-19,1.8,0.0,32.2,21.7,880.742,False
2009-08-20,1.4,0.0,31.7,23.9,775.722,False
2009-08-21,2.2,3.3,31.7,22.2,1161.746,False
2009-08-22,1.3,18.8,27.2,21.1,1548.738,False
2009-08-23,0.8,0.5,28.9,22.8,1066.708,False
2009-08-24,1.4,0.0,27.8,20.6,1252.254,False
2009-08-25,1.5,0.0,28.3,20.6,943.61,False
2009-08-26,2.5,0.8,29.4,21.1,1136.546,False
2009-08-27,1.6,0.0,25.6,19.4,749.466,False
2009-08-28,2.6,13.0,22.2,17.8,1118.842,False
2009-08-29,2.4,14.0,22.2,19.4,1388.414,False
2009-08-30,2.4,0.0,27.2,18.9,1668.342,False
2009-08-31,2.2,0.0,22.2,16.7,1265.522,False
2009-09-01,1.7,0.0,23.3,13.9,980.536,False
2009-09-02,1.0,0.0,25.0,13.9,1222.814,False
2009-09-03,1.6,0.0,25.6,16.1,1251.188,False
2009-09-04,1.8,0.0,28.3,16.7,1024.388,False
2009-09-05,1.6,0.0,28.9,20.6,1513.866,False
2009-09-06,4.0,0.0,23.9,17.2,1228.63,False
2009-09-07,1.8,0.0,23.3,15.6,1221.458,False
2009-09-08,0.8,0.0,23.3,16.7,1086.254,False
2009-09-09,3.7,0.0,24.4,17.2,1521.344,False
2009-09-10,5.6,0.0,20.0,15.6,1112.354,False
2009-09-11,6.1,21.3,18.9,13.3,1214.146,False
2009-09-12,2.3,0.8,19.4,17.2,2064.358,False
2009-09-13,1.9,0.0,26.1,17.8,1570.302,False
2009-09-14,2.2,0.0,24.4,16.1,1574.858,False
2009-09-15,1.8,0.0,25.6,17.2,1456.806,False
2009-09-16,4.6,0.0,21.1,17.2,1743.162,False
2009-09-17,2.6,0.3,17.2,12.8,1223.426,False
2009-09-18,2.6,0.0,23.3,13.3,1374.032,False
2009-09-19,1.7,0.0,21.1,11.7,2135.71,False
2009-09-20,1.6,0.0,22.8,12.2,2035.328,False
2009-09-21,1.8,0.0,23.9,13.9,1417.868,False
2009-09-22,1.3,0.0,22.8,17.8,1246.536,False
2009-09-23,2.5,0.0,26.7,20.6,1636.61,False
2009-09-24,2.1,0.8,27.8,18.9,1426.258,False
2009-09-25,3.3,0.0,20.6,13.3,1161.016,False
2009-09-26,2.9,3.6,19.4,12.2,1556.254,False
2009-09-27,2.1,26.2,20.0,15.0,1410.472,False
2009-09-28,2.9,4.6,22.2,14.4,1299.456,False
2009-09-29,3.2,0.0,18.9,12.2,1146.398,False
2009-09-30,3.5,0.0,15.6,9.4,1772.736,False
2009-10-01,2.2,0.0,12.8,8.3,1287.252,False
2009-10-02,2.1,1.5,17.8,8.3,1152.668,False
2009-10-03,1.3,7.4,21.1,17.2,1716.74,False
2009-10-04,1.9,0.0,23.3,13.9,1621.106,False
2009-10-05,3.2,0.0,19.4,11.7,1275.522,False
2009-10-06,2.0,0.0,18.9,10.0,1428.448,False
2009-10-07,4.9,4.1,20.6,13.9,1821.834,False
2009-10-08,2.6,0.0,17.2,11.1,1577.166,False
2009-10-09,1.8,0.8,20.6,15.0,1351.862,False
2009-10-10,2.2,0.0,18.9,10.0,2012.756,False
2009-10-11,2.5,0.0,17.8,7.8,1938.284,False
2009-10-12,1.2,0.0,11.7,6.1,1351.604,False
2009-10-13,2.7,0.0,17.8,7.8,1449.1,False
2009-10-14,1.3,0.0,11.7,5.0,1711.224,False
2009-10-15,5.1,15.0,8.3,2.8,1489.976,False
2009-10-16,4.1,1.3,7.8,2.8,1516.86,False
2009-10-17,4.2,0.8,8.9,5.6,2742.08,False
2009-10-18,4.0,7.4,7.2,5.0,1556.164,False
2009-10-19,1.7,0.0,12.8,2.8,1369.108,False
2009-10-20,1.7,0.0,18.3,7.2,1722.808,False
2009-10-21,0.5,0.0,20.0,11.1,1969.506,False
2009-10-22,2.8,0.0,23.3,12.2,1399.71,False
2009-10-23,4.0,4.8,17.8,9.4,1757.45,False
2009-10-24,3.0,46.0,18.3,11.7,2614.408,False
2009-10-25,2.7,0.0,16.7,10.6,2406.536,False
2009-10-26,2.0,0.0,15.6,7.8,1112.344,False
2009-10-27,3.1,15.7,12.8,10.0,1116.756,False
2009-10-28,3.9,32.8,13.9,10.6,1268.708,False
2009-10-29,2.4,0.0,13.9,9.4,1981.44,False
2009-10-30,2.5,0.0,15.0,11.1,1493.358,False
2009-10-31,3.1,4.3,21.7,12.8,1875.942,False
2009-11-01,2.6,0.3,14.4,9.4,1843.168,False
2009-11-02,3.7,0.0,12.8,7.8,1504.226,False
2009-11-03,2.1,0.0,15.6,6.1,2266.688,False
2009-11-04,2.2,0.0,11.1,5.0,1801.8,False
2009-11-05,2.0,0.0,11.7,5.6,1560.466,False
2009-11-06,3.2,0.0,10.0,2.8,1390.45,False
2009-11-07,2.2,0.0,11.7,1.7,1557.176,False
2009-11-08,1.1,0.0,20.6,8.3,2508.002,False
2009-11-09,1.8,0.0,19.4,9.4,1404.752,False
2009-11-10,2.1,0.0,18.3,13.3,1606.184,False
2009-11-11,4.9,0.0,13.9,8.9,2040.48,False
2009-11-12,6.4,1.8,10.0,7.2,1463.066,False
2009-11-13,7.0,1.0,12.8,8.9,1532.926,False
2009-11-14,3.0,12.4,13.9,11.1,2560.456,False
2009-11-15,1.5,0.5,18.9,12.2,1967.308,False
2009-11-16,2.3,0.0,15.0,9.4,1514.468,False
2009-11-17,3.3,0.0,12.8,7.8,1708.294,False
2009-11-18,3.3,0.0,11.7,5.6,2639.174,False
2009-11-19,2.8,4.6,15.0,8.3,1474.848,False
2009-11-20,3.1,12.7,16.1,8.9,1961.016,False
2009-11-21,2.1,0.0,13.9,7.8,2496.856,False
2009-11-22,3.1,0.0,12.8,7.2,2450.976,False
2009-11-23,5.0,0.0,10.0,6.7,1471.122,False
2009-11-24,3.3,0.0,14.4,8.9,2128.856,False
2009-11-25,2.4,0.8,10.6,9.4,1980.13,False
2009-11-26,2.1,0.0,13.9,10.0,1599.626,False
2009-11-27,4.3,0.0,10.0,6.1,1380.026,False
2009-11-28,5.1,0.0,10.0,5.6,1858.95,False
2009-11-29,2.3,0.0,15.0,3.9,1650.962,False
2009-11-30,3.1,6.9,13.9,4.4,1745.19,False
2009-12-01,3.2,0.0,8.3,1.7,1756.378,False
2009-12-02,2.2,11.4,13.3,5.0,2345.668,False
2009-12-03,4.4,18.5,18.9,9.4,1479.688,False
2009-12-04,2.4,0.0,11.1,6.7,1711.294,False
2009-12-05,3.3,16.3,7.2,0.6,2351.762,False
2009-12-06,3.2,0.0,3.3,0.6,2378.288,False
2009-12-07,2.0,0.0,3.9,0.0,1742.638,False
2009-12-08,3.3,0.0,6.7,1.1,2006.884,False
2009-12-09,3.7,37.6,11.7,0.6,1802.356,False
2009-12-10,5.5,0.0,7.8,-2.8,2054.286,False
2009-12-11,5.7,0.0,-1.7,-6.1,1784.462,False
2009-12-12,3.4,0.0,2.8,-3.9,1816.38,False
2009-12-13,2.7,24.1,11.1,1.1,2138.814,False
2009-12-14,2.4,0.0,7.8,4.4,1794.862,False
2009-12-15,3.1,0.0,11.1,5.6,1940.116,False
2009-12-16,4.9,0.0,5.6,-2.2,1394.874,False
2009-12-17,5.1,0.0,-0.6,-6.7,1717.182,False
2009-12-18,2.4,0.0,-1.1,-8.9,1744.706,False
2009-12-19,4.8,15.5,-1.1,-6.1,2204.334,False
2009-12-20,4.4,3.3,1.1,-6.1,1144.166,False
2009-12-21,4.8,0.0,2.2,-2.2,2034.966,False
2009-12-22,4.1,0.0,2.2,-5.0,1888.022,False
2009-12-23,4.3,0.0,-1.1,-6.7,1455.2,False
2009-12-24,2.5,0.0,3.9,-4.4,2905.894,False
2009-12-25,4.2,6.1,3.3,0.6,2127.648,False
2009-12-26,5.5,37.6,12.2,2.8,2183.618,False
2009-12-27,3.4,8.4,12.8,4.4,2195.452,False
2009-12-28,4.0,0.0,6.1,-1.1,2094.098,False
2009-12-29,6.4,0.0,-0.6,-8.9,2047.968,False
2009-12-30,2.6,0.0,0.0,-7.2,2451.11,False
2009-12-31,1.6,5.8,1.7,-1.7,2211.892,False
2010-01-01,1.5,0.8,4.4,0.6,1224.252,False
2010-01-02,5.6,0.5,1.1,-8.3,1308.836,False
2010-01-03,6.4,0.0,-5.6,-8.3,2083.454,False
2010-01-04,4.8,0.0,-1.1,-7.2,1604.132,False
2010-01-05,4.4,0.0,-1.1,-6.7,2219.78,False
2010-01-06,4.3,0.0,1.1,-3.3,1777.18,False
2010-01-07,3.9,0.0,2.8,-1.1,1769.442,False
2010-01-08,3.4,1.3,0.6,-5.0,1797.208,False
2010-01-09,3.9,0.0,-1.1,-7.8,2336.9,False
2010-01-10,3.1,0.0,-2.2,-10.0,2508.466,False
2010-01-11,3.2,0.0,-0.6,-6.1,1518.684,False
2010-01-12,4.2,0.0,1.7,-4.4,1282.538,False
2010-01-14,1.5,0.0,5.6,-1.1,618.488,False
2010-01-15,3.5,0.0,10.0,1.7,2196.76,False
2010-01-16,2.9,0.0,9.4,3.3,2150.112,False
2010-01-17,1.7,14.5,7.8,1.7,1906.556,False
2010-01-18,2.0666666666666664,1.3,10.0,2.8,1881.098,False
2010-01-19,2.433333333333333,0.0,8.9,4.4,2433.508,False
2010-01-20,2.8,0.0,5.0,1.1,2351.728,False
2010-01-21,1.4,0.0,5.0,-0.6,2137.856,False
2010-01-22,2.9,0.0,6.7,0.0,1790.626,False
2010-01-23,1.4,0.0,4.4,-2.2,2608.51,False
2010-01-24,1.1,0.5,10.0,0.0,2269.42,False
2010-01-25,2.5,31.8,13.9,9.4,1930.51,False
2010-01-26,3.9,0.0,9.4,1.7,2067.564,False
2010-01-27,3.1,0.0,3.9,-0.6,2760.902,False
2010-01-28,3.8,2.3,5.6,-6.7,2110.234,False
2010-01-29,5.2,0.0,-5.0,-8.9,2092.99,False
2010-01-30,4.0,0.0,-6.7,-10.6,2842.728,False
2010-01-31,2.8,0.0,-1.1,-10.0,1799.196,False
2010-02-01,3.6,0.0,1.7,-3.9,1693.778,False
2010-02-02,1.9,0.8,0.6,-2.8,2157.432,False
2010-02-03,2.3,1.5,3.9,-1.7,2903.014,False
2010-02-04,4.0,0.0,2.8,-2.2,2316.27,False
2010-02-05,2.1,0.0,2.2,-1.7,2098.892,False
2010-02-06,6.1,0.0,0.6,-6.7,2712.986,False
2010-02-07,4.5,0.0,1.1,-8.3,1625.708,False
2010-02-08,4.4,0.0,2.8,-5.0,2582.238,False
2010-02-09,2.3,0.0,5.6,-2.2,2420.932,False
2010-02-10,5.5,33.8,1.1,-1.1,1944.542,False
2010-02-11,5.3,0.0,2.8,-2.2,1369.768,False
2010-02-12,3.7,0.0,2.8,-3.3,1892.998,False
2010-02-13,3.9,0.0,0.0,-4.4,2351.556,False
2010-02-14,4.1,0.0,3.9,-2.2,1686.698,False
2010-02-15,3.1,0.3,4.4,-2.8,2097.132,False
2010-02-16,2.5,10.9,0.6,-1.7,1797.756,False
2010-02-17,3.6,0.0,1.7,-3.3,2054.56,False
2010-02-18,4.5,0.0,4.4,0.0,1761.156,False
2010-02-19,5.1,0.0,6.1,1.7,1953.572,False
2010-02-20,3.6,0.0,6.7,1.7,1983.728,False
2010-02-21,4.3,0.0,7.8,0.6,2740.314,False
2010-02-22,2.7,0.8,7.2,-1.7,1474.036,False
2010-02-23,6.3,30.5,3.3,1.7,1461.28,False
2010-02-24,3.5,10.7,5.6,2.2,1914.278,False
2010-02-25,1.5,50.8,3.3,-2.8,1880.204,False
2010-02-26,3.1,29.7,0.6,-3.3,2120.156,False
2010-02-27,2.0,0.3,3.3,-1.7,1765.056,False
2010-02-28,1.7,0.0,4.4,0.6,711.666,False
2010-03-01,4.4,0.0,8.9,2.2,1298.728,False
2010-03-02,2.4,0.3,8.3,2.2,766.9060000000001,False
2010-03-03,4.7,1.8,5.0,1.1,935.834,False
2010-03-04,3.5,0.0,8.3,1.7,682.88,False
2010-03-05,3.4,0.0,9.4,1.1,1133.726,False
2010-03-06,3.2,0.0,12.2,0.0,794.712,False
2010-03-07,3.2,0.0,13.9,2.8,1372.472,False
2010-03-08,3.2,0.0,16.1,5.0,2557.098,False
2010-03-09,2.0,0.0,16.1,6.7,1760.112,False
2010-03-10,2.2,0.0,13.9,6.7,1822.632,False
2010-03-11,4.0,0.0,11.7,5.6,1951.09,False
2010-03-12,6.2,5.3,6.1,3.9,1645.424,False
2010-03-13,10.2,98.0,7.8,3.3,2383.01,False
2010-03-14,6.1,6.1,10.0,6.1,1566.714,False
2010-03-15,5.2,8.4,7.8,5.0,1791.85,False
2010-03-16,3.4,0.0,17.2,5.0,1542.65,False
2010-03-17,1.1,0.0,18.9,6.1,2009.13,False
2010-03-18,1.5,0.0,20.6,10.0,1562.682,False
2010-03-19,1.5,0.0,22.2,9.4,1663.384,False
2010-03-20,2.2,0.0,23.3,12.2,131.732,False
2010-03-21,2.9,0.0,17.8,10.6,917.282,False
2010-03-22,2.5,34.0,13.9,10.0,1618.59,False
2010-03-23,2.7,2.8,11.7,7.2,1822.162,False
2010-03-24,5.2,0.0,15.6,6.1,1994.752,False
2010-03-25,1.9,0.0,16.7,8.9,1679.884,False
2010-03-26,4.7,3.6,11.1,1.1,1651.284,False
2010-03-27,3.4,0.0,6.7,-1.7,1847.97,False
2010-03-28,3.6,8.6,9.4,2.2,1798.214,False
2010-03-29,2.9,40.1,11.7,8.9,1622.738,False
2010-03-30,4.8,62.2,10.0,5.0,1906.454,False
2010-03-31,2.6,0.3,13.9,7.2,1923.802,False
2010-04-01,2.1,0.0,21.1,8.9,1687.44,False
2010-04-02,2.0,0.0,20.0,8.9,1648.622,False
2010-04-03,2.2,0.0,19.4,8.3,1805.278,False
2010-04-04,1.2,0.0,24.4,8.3,1690.388,False
2010-04-05,2.9,0.0,23.9,13.3,1118.82,False
2010-04-06,1.8,0.0,25.6,14.4,1825.852,False
2010-04-07,3.1,0.0,33.3,13.3,1596.982,False
2010-04-08,2.8,0.0,26.7,17.8,1649.22,False
2010-04-09,3.4,7.6,20.0,6.7,1233.35,False
2010-04-10,4.4,0.0,16.7,5.6,1190.208,False
2010-04-11,3.0,0.0,24.4,11.1,1602.81,False
2010-04-12,2.4,0.0,19.4,11.1,1439.426,False
2010-04-13,2.2,0.0,13.3,8.3,1512.704,False
2010-04-14,2.3,0.0,19.4,7.2,1660.364,False
2010-04-15,3.0,0.0,22.8,10.0,1872.178,False
2010-04-16,3.3,7.9,13.9,7.8,1562.062,False
2010-04-17,3.0,0.3,12.2,7.8,1557.712,False
2010-04-18,3.2,0.0,13.9,5.6,1476.106,False
2010-04-19,3.1,0.0,17.2,7.8,1708.594,False
2010-04-20,2.2,0.0,21.1,8.3,1833.628,False
2010-04-21,3.0,0.8,20.6,11.7,1579.914,False
2010-04-22,2.6,0.0,22.2,10.6,1460.904,False
2010-04-23,2.9,0.0,20.0,6.7,1180.536,False
2010-04-24,2.5,0.0,20.0,7.8,1518.418,False
2010-04-25,3.1,40.6,11.1,7.8,1542.742,False
2010-04-26,3.6,17.5,11.7,8.9,1082.716,False
2010-04-27,3.3,1.3,14.4,5.0,1250.94,False
2010-04-28,4.3,0.0,13.3,4.4,867.858,False
2010-04-29,4.0,0.0,20.6,7.2,1103.724,False
2010-04-30,2.3,0.0,25.6,13.3,1118.628,False
2010-05-01,1.8,0.0,29.4,17.8,1320.158,False
2010-05-02,2.3,0.0,31.1,18.9,2187.91,False
2010-05-03,2.2,32.8,26.7,19.4,1411.302,False
2010-05-04,2.3,0.0,27.2,16.7,1516.96,False
2010-05-05,2.3,0.0,26.7,14.4,1805.308,False
2010-05-06,3.3,0.0,25.6,15.0,1299.25,False
2010-05-07,2.2,0.0,22.8,11.1,1644.004,False
2010-05-08,4.5,1.0,24.4,9.4,1533.422,False
2010-05-09,5.1,0.0,11.1,6.7,1566.51,False
2010-05-10,3.6,0.0,16.1,5.0,1467.892,False
2010-05-11,1.5,0.8,13.3,6.1,1571.368,False
2010-05-12,3.1,10.9,8.9,6.7,2035.418,False
2010-05-13,2.2,0.0,19.4,6.1,1552.496,False
2010-05-14,2.9,1.0,26.7,12.8,1722.146,False
2010-05-15,3.3,0.0,22.8,15.6,1944.772,False
2010-05-16,1.9,0.0,22.2,12.2,2100.426,False
2010-05-17,1.3,0.0,23.3,12.8,1628.182,False
2010-05-18,4.0,27.7,16.7,10.0,1421.184,False
2010-05-19,1.7,0.0,17.8,10.0,1426.752,False
2010-05-20,1.3,0.0,26.1,12.8,1153.898,False
2010-05-21,2.2,0.0,29.4,16.1,1294.396,False
2010-05-22,2.8,0.0,23.3,13.9,2095.772,False
2010-05-23,3.6,0.0,21.7,14.4,1487.556,False
2010-05-24,2.3,0.8,22.8,15.6,1341.332,False
2010-05-25,1.5,0.0,27.8,16.1,1198.626,False
2010-05-26,2.0,0.0,33.3,18.3,1387.884,False
2010-05-27,2.6,1.5,28.3,12.8,1323.342,False
2010-05-28,1.3,0.0,21.1,13.3,1398.164,False
2010-05-29,2.5,0.0,25.0,16.1,2049.808,False
2010-05-30,2.6,0.0,28.9,19.4,1665.7,False
2010-05-31,1.7,0.0,30.0,20.6,1340.462,False
2010-06-01,2.0,0.0,29.4,18.9,1268.964,False
2010-06-02,1.5,0.0,30.6,19.4,980.898,False
2010-06-03,2.1,0.0,30.6,19.4,1394.186,False
2010-06-04,1.7,0.0,31.1,22.2,1420.554,False
2010-06-05,3.3,0.0,31.1,24.4,2009.644,False
2010-06-06,3.8,0.5,31.7,16.1,1746.792,False
2010-06-07,3.1,0.0,23.9,13.9,1012.082,False
2010-06-08,2.3,0.0,23.9,14.4,1362.034,False
2010-06-09,1.9,22.6,20.0,13.9,1534.682,False
2010-06-10,1.6,6.4,23.3,14.4,1215.19,False
2010-06-11,1.9,0.0,21.7,14.4,1470.672,False
2010-06-12,2.1,0.0,26.1,16.1,1973.108,False
2010-06-13,2.8,7.6,25.6,18.3,1674.356,False
2010-06-14,1.1,0.3,26.1,17.8,1217.984,False
2010-06-15,2.4,0.0,27.2,17.8,1223.966,False
2010-06-16,2.2,0.0,23.9,17.8,1768.092,False
2010-06-17,3.2,11.4,23.3,18.3,1028.018,False
2010-06-18,1.5,0.0,30.0,15.6,1332.316,False
2010-06-19,2.2,0.0,27.2,17.8,1416.22,False
2010-06-20,1.7,0.0,31.7,21.7,1672.55,False
2010-06-21,1.7,0.0,30.6,21.7,1660.89,False
2010-06-22,1.7,6.9,30.6,21.7,1520.588,False
2010-06-23,2.7,0.0,31.7,21.7,1442.064,False
2010-06-24,2.9,0.0,33.3,24.4,1095.78,False
2010-06-25,2.1,0.0,30.6,21.7,1099.438,False
2010-06-26,1.6,0.0,31.7,21.7,981.62,False
2010-06-27,1.7,0.0,32.8,21.7,1139.964,False
2010-06-28,3.1,0.3,33.9,24.4,1471.34,False
2010-06-29,2.9,0.0,32.8,21.1,1367.296,False
2010-06-30,2.6,0.0,26.1,16.7,1384.136,False
2010-07-01,2.7,0.0,25.0,16.7,1349.002,False
2010-07-02,2.2,0.0,27.8,16.1,1140.928,False
2010-07-03,1.5,0.0,31.7,18.3,1120.074,False
2010-07-04,2.4,0.0,35.6,22.8,1538.088,False
2010-07-05,1.4,0.0,37.2,24.4,1113.99,False
2010-07-06,1.5,0.0,39.4,27.2,1005.934,False
2010-07-07,2.1,0.0,37.8,26.7,834.788,False
2010-07-08,1.6,0.0,31.7,25.0,1212.652,False
2010-07-09,2.5,0.5,32.2,23.9,1083.478,False
2010-07-10,1.7,0.0,28.3,22.8,1154.504,False
2010-07-11,1.6,0.0,34.4,21.7,1193.572,False
2010-07-12,2.0,0.0,34.4,22.8,1109.574,False
2010-07-13,2.2,21.3,28.3,22.8,1382.114,False
2010-07-14,1.9,11.4,26.1,22.8,1409.472,False
2010-07-15,2.4,0.0,30.6,22.2,1633.162,False
2010-07-16,2.2,0.0,33.9,23.3,820.056,False
2010-07-17,2.4,0.0,34.4,24.4,806.352,False
2010-07-18,2.5,0.0,34.4,25.6,812.038,False
2010-07-19,1.6,3.8,33.3,22.2,801.158,False
2010-07-20,1.6,0.0,31.7,23.3,855.824,False
2010-07-21,1.8,0.0,33.9,24.4,1064.166,False
2010-07-22,3.0,0.0,32.2,23.3,1164.446,False
2010-07-23,0.7,17.8,30.6,22.8,1176.158,False
2010-07-24,2.4,0.0,36.1,26.7,921.668,False
2010-07-25,2.5,8.9,33.9,21.1,1130.41,False
2010-07-26,2.9,0.0,30.6,20.0,884.15,False
2010-07-27,1.9,0.0,32.8,21.1,952.36,False
2010-07-28,2.9,0.0,31.7,23.3,862.654,False
2010-07-29,2.6,2.3,31.7,23.3,549.104,False
2010-07-30,2.2,0.0,29.4,18.9,551.26,False
2010-07-31,2.2,0.0,29.4,18.9,554.616,False
2010-08-01,1.5,0.0,26.7,21.1,555.664,False
2010-08-02,2.2,0.0,29.4,20.6,549.482,False
2010-08-03,3.1,0.0,30.0,22.2,615.212,False
2010-08-04,2.4,0.0,32.8,23.9,543.356,False
2010-08-05,3.0,0.5,35.0,25.0,533.476,False
2010-08-06,2.2,0.0,32.2,21.1,524.746,False
2010-08-07,1.6,0.0,30.6,20.0,527.476,False
2010-08-08,3.0,0.0,31.7,22.8,528.46,False
2010-08-09,2.6,0.0,34.4,23.3,535.064,False
2010-08-10,1.5,0.0,33.3,25.6,544.758,False
2010-08-11,2.3,0.0,33.9,24.4,542.002,False
2010-08-12,2.6,2.3,24.4,20.0,529.698,False
2010-08-13,3.3,0.0,27.8,20.0,534.294,False
2010-08-14,2.4,0.0,27.8,18.3,554.27,False
2010-08-15,2.1,4.1,25.0,19.4,1055.986,False
2010-08-16,1.8,2.8,30.0,20.6,1129.73,False
2010-08-17,1.4,0.0,32.8,23.3,978.202,False
2010-08-22,2.9,42.9,26.7,20.6,93.338,False
2010-08-23,3.6,26.7,21.1,18.3,765.658,False
2010-08-24,4.4,0.5,21.1,17.8,722.948,False
2010-08-25,1.6,25.4,20.6,17.8,980.408,False
2010-08-26,2.5,0.0,27.8,18.3,757.252,False
2010-08-27,1.8,0.0,26.1,16.1,2030.65,False
2010-08-28,1.6,0.0,28.3,16.7,1442.856,False
2010-08-29,1.5,0.0,34.4,19.4,1668.48,False
2010-08-30,1.6,0.0,33.3,22.2,1494.802,False
2010-08-31,1.6,0.0,35.6,24.4,1365.106,False
2010-09-01,1.4,0.0,35.6,24.4,1593.318,False
2010-09-02,2.7,0.0,34.4,25.6,1392.492,False
2010-09-03,2.7,0.0,29.4,23.9,1346.414,False
2010-09-04,4.7,0.0,27.2,17.8,1743.84,False
2010-09-05,2.3,0.0,25.6,16.1,1323.018,False
2010-09-06,1.9,0.0,26.7,15.6,1422.876,False
2010-09-07,2.8,0.0,31.7,20.0,1451.854,False
2010-09-08,3.7,0.0,32.2,18.9,1303.812,False
2010-09-09,3.1,0.0,21.1,16.1,1238.714,False
2010-09-10,2.5,0.0,23.3,16.1,1328.108,False
2010-09-11,2.4,0.0,26.1,15.0,1463.31,False
2010-09-12,2.8,3.8,19.4,15.0,1612.092,False
2010-09-13,1.5,3.3,25.0,15.0,1076.32,False
2010-09-14,2.2,0.0,24.4,15.6,1430.678,False
2010-09-15,2.6,0.0,22.2,13.9,986.094,False
2010-09-16,2.4,11.7,22.2,13.9,1339.738,False
2010-09-17,2.0,1.3,21.7,15.0,1497.608,False
2010-09-18,1.5,0.0,21.1,14.4,1247.946,False
2010-09-19,1.2,0.0,27.2,16.1,919.6,False
2010-09-20,3.0,0.0,23.3,15.0,1682.832,False
2010-09-21,2.2,0.0,23.3,12.2,1111.376,False
2010-09-22,2.6,3.0,30.6,17.8,1510.394,False
2010-09-23,2.2,0.0,27.2,18.9,1449.862,False
2010-09-24,1.6,0.0,29.4,19.4,1327.992,False
2010-09-25,3.2,0.0,31.7,19.4,106.006,False
2010-09-28,2.55,8.4,22.8,21.1,470.426,False
2010-09-29,1.9,0.0,25.6,17.2,1684.426,False
2010-09-30,1.9,27.9,23.9,20.6,1248.278,False
2010-10-01,1.9,62.5,23.3,15.0,1504.82,False
2010-10-02,1.9,0.0,18.9,11.1,1923.254,False
2010-10-03,5.1,0.8,17.8,10.0,1830.684,False
2010-10-04,4.4,8.6,12.8,11.1,1775.96,False
2010-10-05,3.5,0.0,16.1,11.7,1854.624,False
2010-10-06,2.5,0.0,17.8,12.2,1315.456,False
2010-10-07,3.4,0.0,21.7,11.7,1809.954,False
2010-10-08,2.8,0.0,22.8,12.2,1510.456,False
2010-10-09,2.5,0.0,22.2,12.2,1611.78,False
2010-10-10,1.8,0.0,20.6,7.8,1998.904,False
2010-10-11,1.0,28.7,23.9,13.9,1622.59,False
2010-10-12,1.7,2.3,20.6,12.2,1579.692,False
2010-10-13,2.0,0.0,17.8,8.9,2073.886,False
2010-10-14,1.5,15.5,17.2,10.0,2135.122,False
2010-10-15,5.1,0.5,13.9,9.4,1596.324,False
2010-10-16,4.7,0.0,14.4,10.0,1000.014,False
2010-10-17,2.3,0.0,20.6,8.9,1047.382,False
2010-10-18,2.6,0.0,15.6,10.0,2713.884,False
2010-10-19,1.2,0.8,15.0,8.3,1925.978,False
2010-10-20,1.6,0.0,15.0,8.3,1727.964,False
2010-10-21,3.3,0.3,16.7,9.4,1355.198,False
2010-10-22,3.4,0.0,11.7,7.8,1668.892,False
2010-10-23,2.3,0.0,17.8,6.7,2293.236,False
2010-10-24,1.5,0.0,20.0,11.7,2390.548,False
2010-10-25,2.1,0.0,23.3,12.2,1163.292,False
2010-10-26,2.8,0.0,22.2,17.2,945.904,False
2010-10-27,2.6,4.8,23.9,18.3,1260.278,False
2010-10-28,3.1,0.0,23.3,13.3,1463.326,False
2010-10-29,4.3,0.0,13.9,8.3,1204.422,False
2010-10-30,3.3,0.0,13.9,5.6,2152.7,False
2010-10-31,3.8,0.0,14.4,5.6,1476.43,False
2010-11-01,2.6,0.0,9.4,2.8,1383.18,False
2010-11-02,1.4,0.0,10.0,2.2,1191.082,False
2010-11-03,1.7,0.0,12.2,5.0,1293.298,False
2010-11-04,3.0,27.7,10.6,8.3,2555.146,False
2010-11-05,2.4,1.3,11.1,7.2,1736.088,False
2010-11-06,2.4,0.0,10.6,4.4,1805.408,False
2010-11-07,3.1,0.0,10.6,2.2,1673.816,False
2010-11-08,4.6,1.0,7.2,4.4,1825.54,False
2010-11-09,3.6,0.0,12.2,5.0,2022.098,False
2010-11-10,3.4,0.0,13.3,7.8,1946.534,False
2010-11-11,3.0,0.0,13.3,5.6,1773.592,False
2010-11-12,2.6,0.0,16.7,7.2,1836.822,False
2010-11-13,1.4,0.0,17.8,7.8,2023.174,False
2010-11-14,1.6,0.0,16.1,7.8,2038.392,False
2010-11-15,2.5,0.0,13.9,10.0,1747.382,False
2010-11-16,3.0,11.4,15.0,11.1,1509.748,False
2010-11-17,4.8,5.3,15.6,10.6,1582.032,False
2010-11-18,3.2,0.0,12.8,7.2,1652.152,False
2010-11-19,2.6,0.0,8.9,4.4,1570.4,False
2010-11-20,3.4,0.0,12.8,5.0,2197.006,False
2010-11-21,2.7,0.0,8.9,3.9,900.91,False
2010-11-22,2.7,0.0,18.3,7.2,2041.536,False
2010-11-23,3.1,0.0,16.1,10.0,1577.536,False
2010-11-24,4.3,0.0,10.0,5.0,1796.248,False
2010-11-25,1.6,1.5,7.8,3.9,1431.164,False
2010-11-26,3.1,4.1,11.7,3.3,1488.104,False
